experiment_number,cluster_config_type,hbase_config_type,table_config_type,phase,workload_type,total_number_operations,overall_throughput,number_insert_operations,insert_avg_latency,number_read_operations,read_avg_latency,number_update_operations,update_avg_latency,number_scan_operations,scan_avg_latency,number_delete_operations,delete_avg_latency,dfs_capacityUsedGB,dfs_Gegabytes_written,dfs_Gigabytes_read,dfs_block_written,dfs_block_read,dfs_writes_from_remote_client,dfs_writes_from_local_client,dfs_reads_from_remote_client,dfs_reads_from_local_client,dfs_readBlockOp_num_ops,dfs_readBlockOp_avg_time,dfs_writeBlockOp_num_ops,dfs_writeBlockOp_avg_time,dfs_gcTimeMillis,storeFileCount,storeFileSizeGB,hlogFileCount,hlogFileSizeGB,blockCacheFreeSizeGB,blockCacheCount,blockCacheSizeGB,blockCacheHitCount,blockCacheMissCount,blockCacheEvictionCount,rs_gcTimeMillis,numGigaBytesCompactedCount,numFilesCompactedCount,compactionsCompletedCount,rs_ipc_avg_queueSize_in_million,rs_get_mean
201,2,2,1,1,workloada,50000020,9302.611149923672,4998666,13.911271327190095,45001334,2354.4387537045013,20,106534.15,0,0,0,0,11.531779486685991,30.731688236817718,228.40337260998785,654.0,7522169.0,329.0,325.0,6163539.0,1358630.0,7522169.0,1.7854751734506364,654.0,48626.085626911314,234030.0,12.0,3.2134233601391315,32.0,1.7068260991945863,0.06717241555452347,30806.0,1.907299391925335,120799990.0,7615605.0,7485483.0,1089377.0,745.0455022053793,10579,3409,0.129255467486819,0.34082372805090805
202,2,2,1,1,workloada,50000020,9472.775621774046,5000851,13.953878249921864,44999149,2312.3974496051023,20,105664.55,0,0,0,0,11.331734396517277,21.244457664899528,228.055739287287,476.0,7604507.0,239.0,237.0,6125412.0,1479095.0,7604507.0,1.332548710915777,476.0,62947.117647058825,234502.0,52.0,3.219706680625677,32.0,1.7032833015546203,0.053104788064956665,31073.0,1.9213670194149017,170583555.0,7602833.0,7569542.0,1003019.0,0.0,0,0,0.16528719265232975,0.32478745774028245
203,2,2,1,1,workloada,50000020,16666.533334399992,4997683,13.747382937253123,45002317,1298.7365169220066,20,145960.6,0,0,0,0,13.985404387116432,30.337928054854274,8.274340976029634,634.0,270898.0,317.0,317.0,21204.0,249694.0,270898.0,5.015946961587018,634.0,23465.26971608833,5869.0,14.0,3.21017970982939,32.0,1.7361713526770473,1.7031251043081284,99435.0,6.14718522131443,130439479.0,275054.0,168534.0,320069.0,280.88315771054476,4084,1331,0.24631984848484847,0.08151548622304768
204,2,2,1,1,workloada,50000020,18007.323938792386,4998844,14.760161149257709,45001156,1200.8008912037726,20,86731.1,0,0,0,0,13.08496350236237,21.611715046688914,3.353095579892397,474.0,109942.0,237.0,237.0,0.0,109942.0,109942.0,2.29395499445162,474.0,27171.637130801686,2832.0,51.0,3.208338901400566,38.0,2.0961611634120345,1.0790986865758896,109629.0,6.771211639046669,177755666.0,116823.0,2.0,285033.0,0.0,0,0,0.25204621172638436,0.08087915679730084
205,2,2,1,1,workloada,50000020,17703.426533612434,5002894,13.714671148339342,44997106,1221.9151536545482,20,144890.75,0,0,0,0,15.562649108469486,30.702898658812046,7.749612369574606,640.0,256602.0,320.0,320.0,1.0,256601.0,256602.0,2.8981535607672573,640.0,22115.5515625,5701.0,11.0,3.211531311273575,38.0,2.100933694280684,10.087914310395718,94488.0,5.85059467703104,130232623.0,259795.0,160830.0,305042.0,263.0427792435512,3829,1250,0.22623502243589744,0.08261979961241099
206,2,2,1,1,workloada,50000020,17823.431110299945,5000686,14.01552127048169,44999314,1213.94951794154,20,144471.35,0,0,0,0,12.807134803384542,21.237213484942913,3.298179406672716,466.0,110098.0,233.0,233.0,0.0,110098.0,110098.0,1.1272593507602318,466.0,27873.912017167382,2434.0,51.0,3.2163438238203526,32.0,1.735845080576837,9.148331806063652,109796.0,6.790177181363106,177481016.0,110296.0,2.0,268215.0,0.0,0,0,0.2453092112903226,0.07961171496741992
207,2,2,1,1,workloada,50000020,20876.260143252897,5004834,13.403200785480598,44995166,1056.7603607685323,20,102355.1,0,0,0,0,15.866653054952621,29.512725612148643,3.7431841092184186,618.0,713.0,309.0,309.0,0.0,713.0,713.0,2787.575035063114,618.0,20094.917475728154,314.0,17.0,3.211991101503372,39.0,2.157360798679292,1.964944340288639,75.0,0.00952746719121933,70856804.0,140798.0,132.0,249279.0,212.4778931532055,3135,1031,0.30659815427509296,0.047354849106761694
208,2,2,1,1,workloada,50000020,21142.68606832301,4998962,13.700104541702858,45001038,1044.3745242943062,20,86730.5,0,0,0,0,13.119693472981453,22.108334297314286,0.1349104568362236,482.0,385.0,241.0,241.0,0.0,385.0,385.0,953.7532467532468,482.0,23451.690871369294,339.0,51.0,3.21379504352808,38.0,2.09963783249259,1.9614461585879326,109.0,0.013025648891925812,116561476.0,15370.0,2.0,250586.0,0.0,0,0,0.2613171748120301,0.047881087255471404
209,2,2,1,1,workloada,50000020,20979.279185534033,4999601,13.811089124912169,45000399,1052.7532888763942,20,100202.35,0,0,0,0,14.983154741115868,29.277438385412097,3.7449200581759214,618.0,713.0,309.0,309.0,0.0,713.0,713.0,2781.733520336606,618.0,20002.514563106797,313.0,17.0,3.2125426968559623,32.0,1.735836842097342,3.9604095742106438,84.0,0.012322969734668732,70640003.0,137376.0,123.0,240493.0,212.0329967662692,3121,1026,0.22215517910447763,0.047156956797987655
210,2,2,1,1,workloada,50000020,21339.643038987102,4999519,13.839644373788758,45000481,1034.5750549421905,20,81436.15,0,0,0,0,13.038697846233845,21.67297189310193,0.07201333902776241,472.0,382.0,236.0,236.0,0.0,382.0,382.0,566.9424083769634,472.0,23604.063559322032,271.0,51.0,3.211376461200416,38.0,2.100842710584402,3.957473002374172,112.0,0.01525954157114029,116863677.0,8042.0,2.0,243550.0,0.0,0,0,0.2745366098484849,0.04833130174599314
211,2,2,1,1,workloadc,50000020,16885.708071773715,45000340,11.152360182167513,4999660,11596.04103719053,20,115244.95,0,0,0,0,91.90385656245053,267.7984326854348,104.78973594214767,5480.0,2451457.0,2743.0,2737.0,876830.0,1574627.0,2451457.0,30.339389595656787,5480.0,5939.100182481752,46554.0,98.0,30.90566101204604,29.0,1.5571342119947076,0.0704611986875534,30022.0,1.904010608792305,49527110.0,3587913.0,2416275.0,878733.0,4946.307889495976,62153,7685,2.6913068312883435,3.8484892160036948
212,2,2,1,1,workloadc,50000020,16503.169763816535,45001842,11.248373655460592,4998158,11886.56338455087,20,143567.2,0,0,0,0,88.57829779200256,196.13099583704025,79.99378996063024,4266.0,2668136.0,2141.0,2125.0,1059060.0,1609076.0,2668136.0,8.01458921134455,4266.0,5067.8052039381155,48479.0,476.0,31.038815618492663,27.0,1.43967389408499,0.0851079523563385,30106.0,1.88936385512352,144317983.0,2680490.0,2634679.0,822981.0,0.0,0,0,2.6710226426426424,3.6263366950223745
213,2,2,1,1,workloada,50000020,7186.2146556811485,5000461,14.421534334534355,44999539,3058.0726670999898,20,139595.4,0,0,0,0,11.69533959031105,30.820861164480448,365.3166888859123,658.0,12037508.0,332.0,326.0,10036770.0,2000738.0,12037508.0,1.2804211635830274,658.0,68847.02279635258,377842.0,13.0,3.2639806997030973,13.0,0.6033979328349233,0.03949110209941864,15463.0,0.9596392661333084,115638985.0,12163176.0,12015328.0,1608762.0,877.559777234681,12482,4021,0.13314941046831955,0.592716623739986
214,2,2,1,1,workloada,50000020,8280.856167656202,5002061,15.004013545616496,44997939,2648.78971232438,20,111413.95,0,0,0,0,12.033344879746437,21.488945953547955,360.0707160430029,474.0,12001056.0,237.0,237.0,10373038.0,1628018.0,12001056.0,0.7108591943908936,474.0,69773.88607594937,390461.0,52.0,3.2138824136927724,39.0,2.105929003097117,0.01734928786754608,15854.0,0.981781080365181,166742854.0,12002633.0,11979345.0,1115890.0,0.1263433387503028,3,1,0.15921511514195585,0.505453059064067
215,2,2,1,1,workloadc,50000020,15549.308879868217,44998514,11.539440346852343,5001486,12595.008080598445,20,142228.2,0,0,0,0,91.44048278778791,271.746107224375,79.46061420626938,5560.0,1906221.0,2780.0,2780.0,362696.0,1543525.0,1906221.0,37.347992179290856,5560.0,6386.9579136690645,49717.0,119.0,30.978271195665002,26.0,1.3822126649320126,0.44239968806505203,119156.0,7.407910637557507,54826175.0,2836280.0,1774466.0,1188728.0,5613.305267429911,66607,9222,2.9492350812249097,3.670946355052504
216,2,2,1,1,workloadc,50000020,15413.407630068352,45001164,11.540795011435705,4998836,12748.190003832893,20,154957.0,0,0,0,0,86.95141600631177,195.96996901743114,59.08869719225913,4278.0,1971947.0,2139.0,2139.0,396721.0,1575226.0,1971947.0,10.150733260072405,4278.0,5520.968676951847,53603.0,476.0,30.977196258492768,31.0,1.6864290032535791,0.11196675151586533,124850.0,7.738343574106693,145383610.0,1983911.0,1844019.0,1343456.0,0.0,0,0,2.6629989428304284,3.3227689208126865
217,2,2,1,1,workloadc,50000020,15577.71676159208,45000551,11.630802276176574,4999449,12635.556794958804,20,109823.7,0,0,0,0,95.87388654891402,270.5826164726168,79.00503381434828,5530.0,1885821.0,2765.0,2765.0,3.0,1885818.0,1885821.0,38.98314262064109,5530.0,6410.495840867993,53310.0,121.0,30.945421014912426,24.0,1.2644262947142124,0.16825264692306519,123605.0,7.682057678699493,50232930.0,2792380.0,1747295.0,1153647.0,5546.193191186525,67880,8879,2.736106600508288,3.6786357025582013
218,2,2,1,1,workloadc,50000020,15095.884529767725,44999662,12.144839265681595,5000338,12978.026111434867,20,497184.15,0,0,0,0,86.9051815867424,195.91346240602434,59.382429368793964,4262.0,1981755.0,2131.0,2131.0,542920.0,1438835.0,1981755.0,9.905629101478235,4262.0,5604.6114500234635,53115.0,475.0,30.942934517748654,26.0,1.3819057820364833,0.2902628555893898,121960.0,7.560047470033169,145355772.0,1994345.0,1856758.0,1185958.0,0.0,0,0,3.4594958518005545,3.483626413277408
219,2,2,1,1,workloadc,50000020,15970.532451163708,45000910,11.467212729698133,4999090,12320.752321722553,20,144297.55,0,0,0,0,92.29117731191218,272.2198768593371,95.42024110723287,5576.0,2192119.0,2788.0,2788.0,403784.0,1788335.0,2192119.0,35.6894830983172,5576.0,6161.222381635581,50291.0,95.0,30.945434930734336,27.0,1.4547342089936137,0.16750525683164597,60800.0,3.8052272871136665,48638720.0,3288751.0,2122710.0,969133.0,5512.735912563279,66913,8573,2.6567946555232558,3.8509301213403964
220,2,2,1,1,workloadc,50000020,16611.499875579866,45001586,11.386896475159787,4998414,11815.628943700942,20,101278.3,0,0,0,0,88.02565223351121,195.8897400982678,70.69178454577923,4252.0,2361354.0,2126.0,2126.0,892804.0,1468550.0,2361354.0,9.578743805460766,4252.0,5151.992238946378,51588.0,479.0,30.932108659297228,25.0,1.3316389936953783,0.14259731769561768,61546.0,3.830135226249695,145180088.0,2373416.0,2296563.0,930186.0,0.0,0,0,2.8274738232628396,3.6199471364396767
221,2,2,1,1,workloadc,50000020,16167.490023041906,44999710,11.321744029017076,5000290,12146.308130928406,20,120848.2,0,0,0,0,93.71565344184637,270.7389722811058,113.29775780811906,5560.0,2659953.0,2785.0,2775.0,926319.0,1733634.0,2659953.0,29.81623397105138,5560.0,6061.437949640288,53322.0,99.0,30.946544026955962,28.0,1.512308120727539,0.09449977427721024,13849.0,0.9046305939555168,49529990.0,3890260.0,2640658.0,889449.0,5315.632496057078,64430,8188,2.5197381959092486,4.078610650484886
222,2,2,1,1,workloadc,50000020,16439.473147764562,44998516,11.133270217177829,5001484,11943.766135610951,20,121044.85,0,0,0,0,88.47503549791873,196.01772134937346,86.94273990299553,4282.0,2898693.0,2150.0,2132.0,1526602.0,1372091.0,2898693.0,7.733974587857355,4282.0,5100.158103689864,51125.0,477.0,31.009353261440992,32.0,1.7376802125945687,0.018890254199504852,15377.0,0.9802401140332222,144782759.0,2910206.0,2879811.0,830530.0,0.0,0,0,2.5559187290419163,3.9280773225710073
223,2,2,1,1,workloadc,50000020,14994.589951945338,44997387,11.470183657553271,5002613,13081.584520729466,20,165311.8,0,0,0,0,97.04312303941697,270.7356553040445,68.24022340588272,5551.0,1702472.0,2776.0,2775.0,329652.0,1372820.0,1702472.0,41.18895229994972,5551.0,6623.435417041975,52230.0,129.0,31.013356600888073,29.0,1.5652191750705242,0.3183763772249222,186654.0,11.576032802462578,54222902.0,2482702.0,1494012.0,1177154.0,5707.953030739911,68122,9541,2.800334785714286,3.7558172847821183
224,2,2,1,1,workloadc,50000020,15410.894516125652,44999859,11.517554755004898,5000141,12739.719002324135,20,169958.15,0,0,0,0,85.9630266558379,195.89814852550626,50.33180675841868,4282.0,1679500.0,2141.0,2141.0,103865.0,1575635.0,1679500.0,10.843957725513546,4282.0,5595.750583839327,57783.0,477.0,30.9658207539469,24.0,1.263254439458251,0.5483383685350418,183284.0,11.346070811152458,146080741.0,1691036.0,1493241.0,1457220.0,0.0,0,0,2.832243592957746,2.9979837111580645
225,2,2,1,1,workloadb,50000020,6864.937032051567,24998590,11.874533963715553,25001410,5775.559650675702,20,176512.1,0,0,0,0,44.184152603149414,184.12408438511193,410.677366361022,3676.0,12626930.0,1838.0,1838.0,9225033.0,3401897.0,12626930.0,6.360287892623147,3676.0,16400.740478781285,206587.0,36.0,17.27466348744929,32.0,1.742697885259986,0.036349840462207794,15131.0,0.9627805277705193,106559742.0,13823137.0,12602377.0,1182936.0,13656.961140413769,125351,34545,0.5764473768115942,2.231468272485903
226,2,2,1,1,workloadb,50000020,6519.005116375975,24999868,12.338300666227518,25000132,6076.135012727133,20,115809.1,0,0,0,0,40.73873213771731,109.2148209689185,402.61950697377324,2344.0,13428677.0,1174.0,1170.0,10075003.0,3353674.0,13428677.0,4.797497102655757,2344.0,21587.669795221842,238388.0,268.0,17.26835002936423,32.0,1.741908053867519,0.021146997809410095,15567.0,0.977983370423317,411313970.0,13435329.0,13406123.0,1117525.0,0.13096247054636478,3,1,0.5376243130489335,2.3877859985369043
227,2,2,1,1,workloadb,50000020,6678.936317945153,24997926,11.999738658319094,25002074,5919.0405562354545,20,107089.95,0,0,0,0,42.09235001727939,184.73592202179134,364.28553938586265,3700.0,11153385.0,1858.0,1842.0,7711149.0,3442236.0,11153385.0,7.489723971691105,3700.0,16515.564864864864,201471.0,36.0,17.272646515630186,33.0,1.8008426269516349,0.08831328898668289,30085.0,1.8861585184931755,105700298.0,12277428.0,11113493.0,1280936.0,14586.514279010706,132056,36649,0.6839263472400514,2.0978681927432605
228,2,2,1,1,workloadb,50000020,7030.225893812375,25002838,11.729521024773268,24997162,5631.825009895123,20,149305.85,0,0,0,0,41.31853113695979,109.36816823575646,356.68564059585333,2350.0,11898080.0,1180.0,1170.0,8450933.0,3447147.0,11898080.0,4.395367655957936,2350.0,20633.485531914892,205171.0,268.0,17.280336174182594,33.0,1.7981303613632917,0.04788758605718613,30936.0,1.9265842214226723,413861711.0,11906762.0,11860312.0,1438513.0,0.13715671002864838,3,1,0.6263175148448044,1.9188461872892262
229,2,2,1,1,workloadb,50000020,7244.245533560416,25005631,11.990093431355522,24994369,5450.134423677589,20,154241.05,0,0,0,0,42.73410377372056,184.83413113187999,293.658372849226,3686.0,9065878.0,1844.0,1842.0,6352603.0,2713275.0,9065878.0,8.712740895035207,3686.0,13965.790558871406,162439.0,37.0,17.262388489209116,40.0,2.161944745108485,0.1088709756731987,62105.0,3.863861568272114,107901658.0,10031253.0,8992821.0,1342436.0,14080.88033991959,126442,35086,0.6493991354166667,1.6944458885516365
230,2,2,1,1,workloadb,50000020,7308.346292249367,24997875,11.809580894376023,25002125,5414.348369748572,20,172437.65,0,0,0,0,40.21954942494631,109.1209914945066,291.2899683928117,2338.0,9716512.0,1170.0,1168.0,6816070.0,2900442.0,9716512.0,5.521895305640543,2338.0,17171.25149700599,175823.0,267.0,17.21789464633912,33.0,1.7360215885564685,0.1295868456363678,61978.0,3.8431456983089447,414765726.0,9724493.0,9648937.0,1248087.0,0.13739592488855124,3,1,0.6753666659663865,1.6176149875932577
231,2,2,1,1,workloada,50000020,5715.663352458324,5003140,36.30378782124826,44996860,3848.054833315036,20,127381.8,0,0,0,0,38.765931736677885,155.62631563469768,866.3941907640547,2996.0,21774246.0,1498.0,1498.0,0.0,21774246.0,21774246.0,3.9032613574770854,2996.0,20574.29539385848,372310.0,33.0,15.882285108789802,20.0,1.0298810685053468,0.0390840619802475,14954.0,0.9393878132104874,173395085.0,22628361.0,21743609.0,1084424.0,16183.051807665266,151345,42062,0.19441397458563536,1.2461578827932074
232,2,2,1,1,workloada,50000020,4817.630987773335,5001428,36.65974097797669,44998572,4569.679958244008,20,164232.1,0,0,0,0,37.93426105193794,85.03905299119651,847.5666801016778,1730.0,22178916.0,865.0,865.0,6756303.0,15422613.0,22178916.0,3.739879081556556,1730.0,34676.17514450867,422784.0,256.0,15.884352954104543,19.0,0.9736513188108802,0.03155650943517685,15463.0,0.946915365755558,677706014.0,22176857.0,22154781.0,1044777.0,0.1299647018313408,3,1,0.1810392221702526,1.694067413535099
233,2,2,1,1,workloada,50000020,4581.42455914784,5003812,37.2481232308488,44996188,4808.124405138497,20,127726.55,0,0,0,0,38.05776288174093,155.30402715690434,1001.5651577021927,3036.0,25203402.0,1518.0,1518.0,6345232.0,18858170.0,25203402.0,4.47516902678456,3036.0,25443.395256916996,420273.0,31.0,15.888747184537351,19.0,0.9714545244351029,0.0072831809520721436,5382.0,0.34638136625289917,165836985.0,26099188.0,25180260.0,774230.0,19299.71707577817,181139,50671,0.207085623885918,2.095555455351947
234,2,2,1,1,workloada,50000020,5017.784533722874,5000365,36.59100485664546,44999635,4386.627941582193,20,179687.15,0,0,0,0,37.58143194951117,84.76880210824311,977.9912489326671,1706.0,25594638.0,853.0,853.0,6286350.0,19308288.0,25594638.0,2.1801885222990847,1706.0,34287.563305978896,524295.0,256.0,15.884841441176832,19.0,0.9677618490532041,0.015488959848880768,5605.0,0.33817558735609055,675353511.0,25588998.0,25579475.0,1706148.0,0.0,0,0,0.18591082115009747,1.7156514601833424
235,2,2,1,1,workloada,50000020,5263.008314500536,5003176,35.27592573197505,44996824,4183.885751625492,20,219510.25,0,0,0,0,37.98590937629342,155.32219610735774,737.3520987769589,3018.0,18601584.0,1509.0,1509.0,896503.0,17705081.0,18601584.0,5.3272267566030935,3018.0,21541.28793903247,320281.0,33.0,15.89296049065888,19.0,0.967077954672277,0.08395977318286896,30196.0,1.8847728222608566,175006076.0,19362270.0,18553646.0,1066797.0,17595.40144853946,164224,45926,0.17829104285714287,1.4303682450310997
236,2,2,1,1,workloada,50000020,5387.889231893891,5001847,36.1520804214923,44998153,4085.9653393107046,20,102259.8,0,0,0,0,37.44832205399871,84.80516554415226,724.8136049751192,1764.0,18970270.0,882.0,882.0,6921301.0,12048969.0,18970270.0,3.4350252263146492,1764.0,31519.416099773243,377525.0,256.0,15.895179239101708,20.0,1.03578629065305,0.07041718065738678,30867.0,1.8983154147863388,681785482.0,18965008.0,18931574.0,1130061.0,0.0,0,0,0.25437065083507304,1.2810688846059541
237,2,2,1,1,workloada,10000020,3944.256610179653,999566,40.59191389062853,9000434,5587.850082673791,20,229612.8,0,0,0,0,9.953826090320945,16.79601227119565,368.5244874386117,350.0,9645097.0,175.0,175.0,5424507.0,4220590.0,9645097.0,0.41316100812671974,350.0,33397.485714285714,270038.0,51.0,3.1007638331502676,31.0,1.7092311987653375,0.016123667359352112,15586.0,0.9623482078313828,12277816.0,9651237.0,9626356.0,402690.0,0.0,0,0,0.06283442049469964,1.180719586296375
238,2,2,1,1,workloada,10000020,2024.7833481817445,999609,40.469578605234645,9000391,10931.685357669461,20,412027.6,0,0,0,0,10.174645464867353,16.810512047261,843.1702128779143,370.0,22064919.0,185.0,185.0,15082401.0,6982518.0,22064919.0,0.3975419533604451,370.0,77180.18108108109,655073.0,52.0,3.107780769467354,33.0,1.7534248949959874,0.9774505719542503,4.0,0.0010213032364845276,104.0,22057351.0,3.0,392261.0,0.0,0,0,0.10245492638623327,3.936898530801237
239,2,2,1,1,workloada,10000020,10415.332202228255,1001627,35.15710638790688,8998373,2108.88563176921,20,159709.45,0,0,0,0,15.447439603507519,16.82928628101945,86.25817460846156,372.0,2258179.0,186.0,186.0,194772.0,2063407.0,2258179.0,0.5782123560621186,372.0,14718.58064516129,63245.0,51.0,3.1064568366855383,32.0,1.7651820052415133,0.02906613051891327,15398.0,0.9494057446718216,25092642.0,2257837.0,2241559.0,142539.0,0.0,0,0,0.27975837301587303,0.31070122609421913
240,2,2,1,1,workloada,10000020,5635.177482732407,999948,37.33014816770472,9000052,3915.2550635262996,20,202590.45,0,0,0,0,10.871524829417467,16.809572488069534,238.47898371051997,356.0,6242197.0,178.0,178.0,4032768.0,2209429.0,6242197.0,0.416337709303311,356.0,24443.66853932584,180408.0,51.0,3.1055204356089234,32.0,1.7593831438571215,0.976058341562748,48.0,0.002413533627986908,21407570.0,6240194.0,2.0,143634.0,0.0,0,0,0.17233682850241544,1.4065197101679519
241,2,2,1,1,workloada,50000020,6444.432558046615,4996763,15.712502674231297,45003237,3410.7772044930903,20,110481.9,0,0,0,0,10.053995214402676,30.79422423429787,507.5387568771839,654.0,16715719.0,335.0,319.0,13997505.0,2718214.0,16715719.0,0.8045611439148985,654.0,74573.86850152905,546149.0,13.0,3.263490801677108,13.0,0.539705652743578,0.006460860371589661,5598.0,0.3503714054822922,111554069.0,16862779.0,16701958.0,2011115.0,961.1581031922251,13704,4425,0.1022723294044665,0.9087928221142226
242,2,2,1,1,workloada,50000020,6399.680527948045,4999897,14.798058239999744,45000103,3439.505752820166,20,144829.2,0,0,0,0,10.094053076580167,21.57980011589825,504.8961680503562,480.0,16829952.0,240.0,240.0,14651246.0,2178706.0,16829952.0,0.6259811673853853,480.0,98907.48541666666,599505.0,53.0,3.2624829160049558,13.0,0.6018321039155126,0.007437385618686676,5611.0,0.34939488023519516,162987760.0,16831259.0,16816517.0,2016916.0,0.12632560543715954,3,1,0.13132939950678174,0.9127738494234566
243,2,2,1,1,workloada,50000020,6530.468947750763,4999478,15.46161339243817,45000522,3364.9257911719337,20,112593.15,0,0,0,0,9.981656899675727,30.786207616329193,505.8755848146975,650.0,16659118.0,326.0,324.0,15120741.0,1538377.0,16659118.0,0.9549815902618614,650.0,74560.22769230769,549467.0,13.0,3.2628684220835567,12.0,0.5443043541163206,0.013130083680152893,5489.0,0.34370218217372894,111322927.0,16806098.0,16645726.0,1517195.0,926.7432732973248,13218,4264,0.10401215037593985,0.9191820568216913
244,2,2,1,1,workloada,50000020,6765.2324960095275,5002172,14.663395221115946,44997828,3249.395587715923,20,128504.25,0,0,0,0,12.10786236077547,21.58432707004249,503.8642180226743,478.0,16799050.0,239.0,239.0,15063715.0,1735335.0,16799050.0,0.6747177965420663,478.0,95800.14435146443,567963.0,53.0,3.261296024546027,11.0,0.48252730909734964,0.0081096813082695,5600.0,0.34872258454561234,162641113.0,16800534.0,16785602.0,1357409.0,0.2528209537267685,6,2,0.10807004226267879,0.8891171260014277
245,2,2,1,1,workloada,50000020,7270.893421208381,4996453,15.023189650738233,45003547,3021.7325535473906,20,137776.8,0,0,0,0,11.609758486039937,30.809602150693536,365.9316150415689,648.0,12042462.0,324.0,324.0,10424576.0,1617886.0,12042462.0,1.0840309896763636,648.0,58404.49074074074,414085.0,13.0,3.269245888106525,12.0,0.48357236199080944,0.028713762760162354,15636.0,0.9704166054725647,115649072.0,12168876.0,12020497.0,1349567.0,864.5577000845224,12322,3979,0.14800319359331476,0.568227789954577
246,2,2,1,1,workloada,50000020,7557.350846234361,4998204,14.627399761994509,45001796,2906.2407148372477,20,101963.0,0,0,0,0,11.509728740900755,21.596761852502823,365.00815495848656,492.0,12176718.0,246.0,246.0,10666629.0,1510089.0,12176718.0,1.027535662729481,492.0,72123.20528455285,392211.0,53.0,3.2734739053994417,12.0,0.48905479442328215,0.037723109126091,15523.0,0.961407259106636,166086782.0,12178767.0,12155479.0,1253038.0,0.12634075060486794,3,1,0.12636165485222892,0.602321345863765
247,2,2,1,1,workloada,50000020,9492.390614911368,4993941,14.533107419571037,45006059,2308.7532960173207,20,104074.85,0,0,0,0,12.05188257433474,31.456829492002726,222.11634912807494,664.0,7323503.0,332.0,332.0,5919693.0,1403810.0,7323503.0,1.7070911283848726,664.0,47518.24548192771,228053.0,12.0,3.2098270654678345,39.0,2.110146328806877,0.04587169736623764,31153.0,1.9286001101136208,120824360.0,7429666.0,7286197.0,1051416.0,704.5327245527878,10077,3255,0.18982527827648113,0.29970316097399785
248,2,2,1,1,workloada,50000020,9543.401672996486,4998506,14.606411395725043,45001494,2295.615883108236,20,127931.95,0,0,0,0,11.353637717664242,21.22788072563708,227.61269826535136,472.0,7593624.0,236.0,236.0,6401071.0,1192553.0,7593624.0,1.115154766683207,472.0,63224.20338983051,239763.0,52.0,3.214894710108638,32.0,1.6982887582853436,0.07689110934734344,30689.0,1.897580698132515,170826834.0,7592051.0,7559206.0,910590.0,0.0,0,0,0.18083278158844765,0.3120916903642878
249,2,2,1,1,workloada,50000020,12627.432895927475,4999607,13.50072995737465,45000393,1727.2455064336882,20,137871.55,0,0,0,0,11.982411280274391,30.68275448679924,68.19846998620778,648.0,2256935.0,324.0,324.0,1539786.0,717149.0,2256935.0,2.8406985580001196,648.0,40326.11265432099,76467.0,12.0,3.2099026953801513,39.0,2.1077662650495768,0.10676281154155731,62521.0,3.865969732403755,126637241.0,2298352.0,2189010.0,786828.0,509.9754353519529,7252,2336,0.19313256690140843,0.11905877008955701
250,2,2,1,1,workloada,50000020,7696.087063062353,4999615,14.640310903939604,45000385,2850.3817474672715,20,172421.4,0,0,0,0,8.927042910829186,21.333969129249454,67.64134511072189,472.0,2255754.0,236.0,236.0,1696341.0,559413.0,2255754.0,5.2697825206117335,472.0,73990.30508474576,83657.0,53.0,3.2662757197394967,13.0,0.547205276787281,0.11737615615129471,62397.0,3.855356387794018,175992240.0,2255531.0,2192089.0,1732098.0,0.0,0,0,0.143984,0.15394723435292856
251,2,2,1,1,workloada,50000020,18121.424416444832,5000850,14.384808982472979,44999150,1196.3334509874076,20,122616.75,0,0,0,0,14.26787103805691,30.67653189599514,7.766392592340708,640.0,258282.0,320.0,320.0,0.0,258282.0,258282.0,2.8898219775284377,640.0,21595.0890625,5219.0,11.0,3.208096619695425,38.0,2.09659266192466,1.8949354961514473,96322.0,5.955374829471111,130668201.0,261491.0,160704.0,291806.0,263.4893763875589,3816,1241,0.24041203267973857,0.07970734456912323
252,2,2,1,1,workloada,50000020,18461.16583000663,4999085,14.070051819482966,45000915,1169.9439678282097,20,80188.75,0,0,0,0,13.087989807128906,21.227350475266576,3.2955559818074107,464.0,110021.0,232.0,232.0,0.0,110021.0,110021.0,0.8293962061788206,464.0,27029.73922413793,2609.0,51.0,3.2137429574504495,38.0,2.0953200589865446,1.0735866650938988,109716.0,6.77672366052866,177377892.0,110154.0,3.0,274917.0,0.0,0,0,0.29442856166666664,0.0774402749488304
253,2,2,1,1,workloada,50000020,17164.706342770947,4996731,14.165752969291322,45003269,1262.005287615884,20,82181.15,0,0,0,0,14.875351051799953,30.710144631564617,7.744884145446122,644.0,256755.0,322.0,322.0,0.0,256755.0,256755.0,2.944670989854141,644.0,22749.239130434784,6454.0,11.0,3.216021044179797,32.0,1.739108869805932,6.051411211490631,94432.0,5.842997968196869,131284309.0,260719.0,160949.0,358733.0,300.9633412724361,4306,1394,0.26392399065420563,0.07970027564329953
254,2,2,1,1,workloada,50000020,18484.548026922374,5002059,14.362844380684034,44997941,1172.2921476784904,20,95183.4,0,0,0,0,13.174459302797914,21.23501300625503,3.2949234833940864,466.0,109987.0,233.0,233.0,0.0,109987.0,109987.0,0.7994944857119479,466.0,26993.839055793993,2583.0,51.0,3.213184116408229,38.0,2.0932928808033466,5.1156668066978455,109683.0,6.7787423729896545,178004059.0,110145.0,3.0,277102.0,0.0,0,0,0.20436765333333332,0.07804166518401945
255,2,2,1,1,workloada,50000020,18123.89421590415,5000308,13.210239649237607,44999692,1194.0862064789244,20,93698.55,0,0,0,0,14.190799799747765,30.653685299679637,7.74449263419956,640.0,256803.0,320.0,320.0,1.0,256802.0,256803.0,2.985206559113405,640.0,21661.8203125,5225.0,11.0,3.202546347863972,38.0,2.0962022254243493,6.018775254487991,94962.0,5.875633925199509,130401077.0,260049.0,160556.0,292672.0,259.53521709982306,3769,1227,0.22235408581377905,0.07870012615749668
257,2,2,1,1,workloada,50000020,17696.65317355851,4997076,13.514720808728944,45002924,1222.1128458230849,20,127597.65,0,0,0,0,15.490020167082548,30.66271886229515,7.615495870821178,640.0,252390.0,320.0,320.0,268.0,252122.0,252390.0,3.231700939022941,640.0,22106.3,5321.0,11.0,3.2076390869915485,38.0,2.0999721782281995,10.331060916185379,90548.0,5.607448071241379,130824629.0,255464.0,160596.0,314269.0,260.71106835547835,3796,1238,0.2861394166666667,0.07981810924199753
258,2,2,1,1,workloada,50000020,18347.984198716007,5000830,13.870657070926226,44999170,1178.492794222649,20,92494.1,0,0,0,0,13.169262677431107,21.233002841472626,3.295773665420711,464.0,110027.0,232.0,232.0,0.0,110027.0,110027.0,0.7858798294963963,464.0,27204.737068965518,3063.0,51.0,3.2140031568706036,38.0,2.0975411208346486,9.153328038752079,109724.0,6.785180948674679,177538758.0,110222.0,3.0,278861.0,0.0,0,0,0.21414609933774836,0.07696787953823576
259,2,2,1,1,workloadb,50000020,7582.19554906924,24995914,11.693965381701986,25004086,5219.12980090534,20,139252.5,0,0,0,0,43.421778878197074,184.18706100527197,410.46081522572786,3681.0,12619297.0,1848.0,1833.0,9057407.0,3561890.0,12619297.0,5.187516150860068,3681.0,13626.911708774789,190674.0,37.0,17.208690189756453,33.0,1.7397549599409103,0.02778639644384384,15271.0,0.9713439717888832,105558018.0,13817625.0,12595289.0,1175948.0,12434.155649042688,112892,31289,0.8097043076923077,1.902643036268876
260,2,2,1,1,workloadb,50000020,6736.3619657458685,24996018,12.436363944049008,25003982,5869.264942319987,20,152668.9,0,0,0,0,40.294674165546894,109.33098475821316,403.39675555564463,2358.0,13452954.0,1179.0,1179.0,9784136.0,3668818.0,13452954.0,4.304837435703712,2358.0,20980.885072094996,227497.0,268.0,17.283160283230245,33.0,1.801651312969625,0.03663033992052078,15320.0,0.9625000283122063,411456590.0,13461152.0,13430618.0,1161529.0,0.0,0,0,0.630761110103627,2.209330113350336
261,2,2,1,1,workloadb,50000020,6319.929226904545,24996724,11.70382098870236,25003276,6261.7007866489175,20,158635.6,0,0,0,0,42.037447299808264,184.32964038476348,363.40120070334524,3686.0,11149940.0,1850.0,1836.0,7812888.0,3337052.0,11149940.0,7.778293784540544,3686.0,17140.176342919152,212147.0,38.0,17.205923135392368,33.0,1.8022146029397845,0.039871230721473694,30868.0,1.9346005767583847,104835329.0,12267252.0,11109349.0,1379668.0,15672.502208475955,141193,39205,0.5421527095006091,2.2333281045206954
262,2,2,1,1,workloadb,50000020,7677.962895169394,25004846,11.941645871364294,24995154,5150.171556014418,20,123910.6,0,0,0,0,41.895265217870474,109.34758402965963,355.83363092970103,2346.0,11869376.0,1175.0,1171.0,8701875.0,3167501.0,11869376.0,3.5700203616432744,2346.0,16528.132566069908,213896.0,268.0,17.27698582597077,40.0,2.155915066599846,0.09248266369104385,30213.0,1.8819891437888145,412725926.0,11878038.0,11832748.0,1310307.0,0.0,0,0,0.7620027775330397,1.6360636874391015
263,2,2,1,1,workloadb,50000020,7461.150906402995,24996789,11.888993262294608,25003211,5293.302840823125,20,165063.8,0,0,0,0,43.048340920358896,184.13911304622889,293.6203629588708,3680.0,9065695.0,1844.0,1836.0,6183731.0,2881964.0,9065695.0,8.279404061133757,3680.0,13778.454347826088,154019.0,43.0,17.244687892496586,41.0,2.2119728960096836,0.11614549905061722,61994.0,3.8565870448946953,107473111.0,10021181.0,8992576.0,1375847.0,13570.662779111415,121919,34075,0.7465211971428571,1.6400689374914534
264,2,2,1,1,workloadb,50000020,7917.909646516009,25000921,12.530989438349092,24999079,4992.116450890051,20,151328.9,0,0,0,0,41.555694580078125,109.36983566172421,289.8360460009426,2348.0,9666851.0,1174.0,1174.0,6753892.0,2912959.0,9666851.0,5.050948442259015,2348.0,16161.910988074957,175404.0,268.0,17.26941526401788,32.0,1.6796876098960638,0.1053052544593811,62369.0,3.8674272894859314,414748006.0,9676635.0,9598626.0,1216281.0,0.13835107628256083,3,1,0.6660928608169441,1.4715794197527559
265,2,2,1,1,workloadb,50000020,8242.665387844607,24997777,11.650521604381062,25002223,4796.224338451825,20,131526.5,0,0,0,0,44.17311684042215,184.86902741342783,205.30624292325228,3690.0,6477074.0,1845.0,1845.0,3793945.0,2683129.0,6477074.0,10.828861458121368,3690.0,12885.924119241192,117700.0,41.0,17.262225129641593,39.0,2.102059369906783,0.16965292394161224,123915.0,7.680657401680946,112929584.0,7181729.0,6334025.0,1264573.0,12455.604053605348,111835,30989,0.7373920800627943,1.2878719066940922
266,2,2,1,1,workloadb,50000020,8120.437126378688,25000667,11.733688425192815,24999333,4869.752338672396,20,146056.7,0,0,0,0,40.595543306320906,109.32164925150573,204.09651359543204,2354.0,6805847.0,1178.0,1176.0,4265995.0,2539852.0,6805847.0,7.560303074694449,2354.0,15887.402293967714,123936.0,268.0,17.27242739405483,33.0,1.7372751953080297,0.218941368162632,123340.0,7.631368957459927,417085854.0,6816242.0,6678107.0,1291013.0,0.13447398785501719,3,1,0.8353096346749226,1.257065202122837
267,2,2,1,1,workloadb,50000020,8260.260317147739,24995490,12.509721433746648,25004510,4783.363189400632,20,146808.95,0,0,0,0,43.30025061313063,184.06279665790498,205.02899339888245,3673.0,6481627.0,1836.0,1837.0,3918552.0,2563075.0,6481627.0,10.746355660392059,3673.0,12979.177783827934,111173.0,39.0,17.265466106124222,40.0,2.157167316414416,0.24986521899700165,122611.0,7.600445106625557,113013970.0,7181639.0,6340298.0,1343209.0,12415.46428527683,111591,30712,0.7259708786918734,1.2590443293032085
268,2,2,1,1,workloadb,50000020,6888.764095100215,25000823,12.671978558465856,24999177,5753.406618505881,20,169575.0,0,0,0,0,40.32503532618284,109.34972371719778,206.44164210557938,2386.0,6883531.0,1194.0,1192.0,4601162.0,2282369.0,6883531.0,7.486282548883705,2386.0,18386.49790444258,190422.0,268.0,17.285962095484138,32.0,1.7748117949813604,0.29265036433935165,122143.0,7.557659961283207,417474509.0,6893925.0,6757057.0,1898757.0,0.1350554721429944,3,1,0.7105458670634921,1.3547886864990788
269,2,2,1,1,workloadb,50000020,8287.15729289731,24999471,12.06075164550482,25000529,4747.025125748339,20,253017.35,0,0,0,0,42.248640538193285,187.52988269738853,189.52918451465666,3964.0,5767575.0,1982.0,1978.0,4076124.0,1691451.0,5767575.0,11.204935523161815,3960.0,8973.808333333332,111010.0,29.0,17.089162952266634,31.0,1.6264634281396866,6.246822737157345,90889.0,5.647586442530155,123290833.0,6400655.0,5649520.0,1887540.0,9179.045450037345,83173,22381,1.1323713738119048,1.1943588413105726
270,2,2,1,1,workloadb,50000020,8413.358393923536,24996767,11.759009955167402,25003233,4695.339310960307,20,254378.55,0,0,0,0,44.00509089231491,110.31855850387365,171.77933312673122,2460.0,5701787.0,1231.0,1225.0,4484784.0,1217003.0,5701787.0,6.441626458512042,2456.0,12844.062703583062,141386.0,272.0,17.17208390776068,34.0,1.7557385582476854,6.235300876200199,91294.0,5.659108303487301,420691911.0,5709120.0,5606465.0,1553920.0,0.18744524009525776,3,1,1.0603244218566077,1.0212377049413528
271,2,2,1,1,workloadc,50000020,15665.019228811103,45002259,11.36564137813615,4997741,12545.285170640094,20,166887.65,0,0,0,0,94.79680423997343,272.4591349773109,123.29867028538138,5612.0,2975811.0,2811.0,2801.0,1089241.0,1886570.0,2975811.0,24.434153916360952,5612.0,6201.7858161083395,55328.0,112.0,31.04768369719386,28.0,1.5087823690846562,0.00895102322101593,4789.0,0.3478812426328659,51245954.0,4268284.0,2966381.0,881552.0,5479.616940953769,65181,9026,2.781689141833811,4.267728319833102
272,2,2,1,1,workloada,50000020,17510.69378069187,4997276,13.70260297810247,45002724,1236.400691033725,20,94860.0,0,0,0,0,14.71801708638668,31.045896012336016,7.696807173080742,648.0,249497.0,324.0,324.0,0.0,249497.0,249497.0,4.888239137143934,648.0,22242.96450617284,6484.0,14.0,3.21846956666559,32.0,1.7361408090218902,10.63450463116169,100387.0,6.215116187930107,130180194.0,267238.0,147653.0,332885.0,264.1950923874974,3837,1253,0.3036880174603175,0.08201098314129303
273,2,2,1,1,workloada,50000020,17290.95665675895,5003905,13.558915487004649,44996095,1250.7082670618418,20,131557.45,0,0,0,0,14.771464603021741,31.105699464678764,7.922252548858523,648.0,260780.0,324.0,324.0,0.0,260780.0,260780.0,3.5074545593987265,648.0,22315.126543209877,6547.0,11.0,3.206171464174986,38.0,2.104729271493852,11.716849252581596,98902.0,6.124764516949654,130322817.0,271186.0,160724.0,351257.0,284.5873321983963,4116,1338,0.25371999216300944,0.0811905170281847
274,2,2,1,1,workloadc,50000020,16360.951382778529,44992820,11.227524791733437,5007180,11966.512086443867,20,169958.3,0,0,0,0,90.92184148915112,270.11600972991437,122.29003329016268,5544.0,2960061.0,2785.0,2759.0,1495973.0,1464088.0,2960061.0,25.827382949202725,5544.0,5983.909090909091,49034.0,99.0,30.86948012933135,29.0,1.5631892206147313,0.007271438837051392,4815.0,0.34956082701683044,48233530.0,4221180.0,2950747.0,861677.0,5207.607054836117,64517,8167,2.7303591607720326,4.093046821480296
275,2,2,1,1,workloadc,50000020,16461.024573675924,44998499,10.889318419265496,5001501,11928.871887059504,20,174912.55,0,0,0,0,93.96103020384908,269.90198645275086,116.457952237688,5550.0,2757355.0,2782.0,2768.0,1220900.0,1536455.0,2757355.0,28.650942660629475,5550.0,6036.467747747748,52362.0,103.0,30.95580438245088,29.0,1.5665722033008933,0.051654376089572906,9668.0,0.6453579887747765,48927508.0,3993761.0,2743040.0,895206.0,5096.350634416565,63113,7957,2.808220988023952,4.230514058410358
276,2,2,1,1,workloadb,50000020,9402.1280776691,25002430,12.354405351799805,24997570,4196.001400376116,20,198280.9,0,0,0,0,44.35529136378318,184.3081967458129,194.12869474757463,3984.0,6000016.0,2013.0,1967.0,4619519.0,1380497.0,6000016.0,10.383234478041391,3980.0,9356.152763819095,97447.0,32.0,17.15121779963374,33.0,1.7429684307426214,7.001848362386227,109464.0,6.7956655994057655,131463465.0,6579583.0,5873648.0,1073954.0,7234.106823887676,67066,16997,1.7987052682052724,1.0859113283757627
277,2,2,1,1,workloadb,50000020,6459.551900884636,24998989,12.372437221361231,25001011,6132.784288843359,20,249526.95,0,0,0,0,39.89647023566067,199.730000147596,163.6190303824842,4846.0,4933344.0,2441.0,2395.0,3054689.0,1878655.0,4933344.0,14.375259256196204,4836.0,8217.232837055417,105567.0,29.0,17.184771527536213,27.0,1.2062542643398046,7.812814004719257,113655.0,7.055197469890118,43404790.0,1229281.0,973072.0,753955.0,3202.0895360270515,30883,8061,1.383552257367655,2.365790084534163
