experiment_number,cluster_config_type,hbase_config_type,table_config_type,phase,workload_type,total_number_operations,overall_throughput,number_insert_operations,insert_avg_latency,number_read_operations,read_avg_latency,number_update_operations,update_avg_latency,number_scan_operations,scan_avg_latency,number_delete_operations,delete_avg_latency,dfs_capacityUsed,dfs_bytes_written,dfs_bytes_read,dfs_writes_from_remote_client,dfs_writes_from_local_client,dfs_reads_from_remote_client,dfs_reads_from_local_client,dfs_readBlockOp_num_ops,dfs_readBlockOp_avg_time,dfs_writeBlockOp_num_ops,dfs_writeBlockOp_avg_time,storeFileCount,storeFileSize,hlogFileCount,hlogFileSize,blockCacheCount,blockCacheSize,blockCacheHitCount,blockCacheMissCount,blockCacheEvictionCount,numBytesCompactedCount,numFilesCompactedCount,compactionsCompletedCount,rs_ipc_avg_queueSize
35,2,2,1,1,workloadc,50000020,16628.78629149464,44999302,12.384676522315836,5000698,11673.181199304578,20,125076.2,0,0,0,0,96910872826.0,284764518522.0,83954038558.0,2726.0,2726.0,0.0,0.0,1869534.0,445.4906329113924,5452.0,13490.333333333334,97.0,33232223226.0,21.0,1165909127.0,120244.0,8027712008.0,52576601.0,2721145.0,1736789.0,4999289186008,60662,7449,2928790.901470588
36,2,2,1,1,workloadc,50000020,13551.016868305798,44998630,34.435604461735835,5001370,14222.685601145286,20,373589.05,0,0,0,0,85279928926.0,215892859618.0,66237865570.0,2140.0,2106.0,0.0,0.0,1948500.0,7.82499999999999,4246.0,4845.0,316.0,33070428940.0,90.0,5627171639.0,60794.0,4073983632.0,112473422.0,1962291.0,1884801.0,0,0,0,4428202.9993887525
37,2,2,1,1,workloadc,50000020,16280.244216687446,44996431,13.938608597646333,5003569,11920.395750912998,20,106598.5,0,0,0,0,97369386954.0,286923405250.0,83031247543.0,2746.0,2745.0,0.0,0.0,1876269.0,197.1269974768713,5491.0,11069.452380952382,105.0,33258574821.0,26.0,1489925885.0,123957.0,8272997496.0,50908422.0,2740815.0,1738323.0,5327323937587,63162,7921,2738521.0720461095
38,2,2,1,1,workloadc,50000020,16163.533581195734,44998564,12.660739151587148,5001436,12034.855682048115,20,142550.9,0,0,0,0,97567625244.0,284261464142.0,82296817145.0,2715.0,2715.0,0.0,0.0,1877893.0,3702.5143540669856,5430.0,16455.0,112.0,33221593926.0,29.0,1678468516.0,124301.0,8295833696.0,53263815.0,2721461.0,1740387.0,5106653281942,61786,7846,2991939.9326647567
39,2,2,1,1,workloadc,50000020,16160.362509251807,44995328,13.313808269160745,5004672,12008.4012826415,20,183945.8,0,0,0,0,94522986740.0,210048532625.0,60543703946.0,1924.0,1918.0,0.0,0.0,1881019.0,16.634086242299794,3842.0,16922.833333333336,301.0,33056008174.0,46.0,2795654145.0,124768.0,8311261568.0,110610806.0,1894341.0,1754032.0,0,0,0,2969291.1633237824
40,2,2,1,1,workloadc,50000020,14848.625685449682,45003335,13.784054048438854,4996665,13079.276062733843,20,262137.15,0,0,0,0,95956602876.0,294035532330.0,85858114701.0,2776.0,2776.0,0.0,0.0,1896868.0,1028.4695278969957,5552.0,11739.25,108.0,33243335112.0,28.0,1541134247.0,121783.0,8128651248.0,51030026.0,2842219.0,1760226.0,6472288284404,71381,9391,2861472.6644562334
41,2,2,1,1,workloadc,50000020,15142.18206111748,44996395,12.87274736120527,5003605,12835.78820270585,20,171586.9,0,0,0,0,98692790623.0,293317583480.0,85832265795.0,2791.0,2791.0,0.0,0.0,1897815.0,3533.2000000000003,5582.0,12344.45,113.0,33260583416.0,27.0,1491187890.0,124984.0,8340918072.0,50876937.0,2837592.0,1758269.0,6247390227759,70122,9192,2698767.8702702704
42,2,2,1,1,workloadc,50000020,13645.33109986554,45002335,46.717512635733236,4997665,13976.760004121925,20,212501.15,0,0,0,0,96644466235.0,212920509375.0,67687402479.0,2034.0,2026.0,0.0,0.0,2055413.0,13.597463002114175,4060.0,12483.0,330.0,33552667755.0,11.0,516344275.0,28909.0,1965192416.0,1262034.0,29969.0,0.0,0,0,0,8150601.736795228
43,2,2,1,1,workloadc,50000020,16209.121002060827,44999810,12.710758534313811,5000190,12008.043036364617,20,210026.5,0,0,0,0,97575738517.0,287347832960.0,83502947229.0,2755.0,2751.0,0.0,0.0,1894272.0,12117.2,5506.0,12683.2,115.0,33317224034.0,27.0,1561436277.0,123377.0,8234356864.0,54879691.0,2760112.0,1756831.0,5461515667231,61626,7875,2760716.7449856736
44,2,2,1,1,workloadc,50000020,15009.38536867103,45001432,15.784163757277769,4998568,12917.95855432996,20,142155.05,0,0,0,0,104264479582.0,294278289516.0,85976090337.0,2794.0,2794.0,0.0,0.0,1898699.0,22.850019879727654,5588.0,16652.666666666664,111.0,33305888482.0,29.0,1618598567.0,99023.0,6621143192.0,52134259.0,2848727.0,1785118.0,6265446175351,69466,9282,2373047.580428954
45,2,2,1,1,workloadc,50000020,13526.590436213604,44997059,23.88255874678387,5002941,14276.952973660893,20,1985137.5,0,0,0,0,86215600387.0,211458413190.0,63168674480.0,1973.0,1957.0,0.0,0.0,1930136.0,14.796238244514107,3930.0,12982.166666666666,317.0,33058588331.0,56.0,3387536446.0,61755.0,4138046944.0,112907605.0,1943196.0,1865647.0,0,0,0,3616263.4279828607
46,2,2,1,1,workloadc,50000020,16125.749887684153,45000219,14.356471131840491,4999781,12019.77133198434,20,161070.35,0,0,0,0,98658655170.0,283699661232.0,81952478582.0,2701.0,2700.0,0.0,0.0,1877427.0,19.150614754098363,5401.0,16510.333333333336,111.0,33214502233.0,29.0,1677548693.0,124737.0,8324794360.0,52460217.0,2707870.0,1739060.0,4939953514016,59735,7786,3132566.617142857
47,2,2,1,1,workloadc,50000020,15639.158325521574,45000165,13.277315005400535,4999835,12450.368252752342,20,268174.1,0,0,0,0,97485348878.0,288926171572.0,83945517300.0,2755.0,2756.0,0.0,0.0,1880216.0,219.87631118881117,5511.0,16534.833333333336,110.0,33163437319.0,27.0,1552186411.0,113544.0,7580481152.0,50828222.0,2775481.0,1752631.0,5594961680894,65308,8430,2972499.902777778
48,2,2,1,1,workloadc,50000020,14047.540247607563,45000863,44.84974297048481,4999137,13565.67408394689,20,1727433.7,0,0,0,0,95964235608.0,215257650190.0,70172264760.0,2144.0,2138.0,0.0,0.0,2083156.0,7.625722543352602,4282.0,10971.0,319.0,33020697889.0,75.0,4667938140.0,61477.0,4119108384.0,114671298.0,2095954.0,2018634.0,0,0,0,7179180.914141414
49,2,2,1,1,workloadc,10000020,25499.145778616417,8997812,15.34726831367448,1002188,7442.8219924804525,20,450550.55,0,0,0,0,48668269085.0,49252412458.0,7154045714.0,492.0,492.0,0.0,0.0,184121.0,803.9264076977904,984.0,14265.6,51.0,6421055001.0,29.0,1696516588.0,84080.0,5585294784.0,4071461.0,220444.0,94356.0,41640452899,506,135,3779154.436708861
50,2,2,1,1,workloadc,10000020,26409.264369940975,8999986,14.69228518799918,1000014,7154.929835982296,20,291455.0,0,0,0,0,47664433168.0,50024054428.0,7435340427.0,514.0,514.0,0.0,0.0,190489.0,274.7882620794335,1028.0,10422.857142857145,64.0,6466639007.0,30.0,1766769887.0,100128.0,6647667928.0,4757647.0,231392.0,84683.0,41670131915,571,139,3213396.2272727275
51,2,2,1,1,workloadc,10000020,26149.191597741756,9000229,15.704125417253271,999771,7240.858618623664,20,543223.3,0,0,0,0,42061230704.0,42262904986.0,4787259307.0,444.0,444.0,0.0,0.0,147050.0,5.791176470588243,888.0,9538.0,86.0,6402451530.0,29.0,1690146050.0,118235.0,7844032936.0,5448108.0,160379.0,28258.0,0,0,0,3975807.7884615385
52,2,2,1,1,workloadc,10000020,25546.960422648914,8999909,14.640251584766023,1000091,7447.159379496466,20,382545.0,0,0,0,0,48642875152.0,49432130600.0,7428180228.0,493.0,493.0,0.0,0.0,190721.0,802.1646258503401,986.0,10058.6,57.0,6452860531.0,29.0,1714406586.0,90020.0,5977735376.0,4378887.0,223687.0,94760.0,45751125484,542,149,3277882.2151898737
53,2,2,1,1,workloadc,10000020,26404.731727925646,9001412,14.259958659819148,998588,7202.3395734777505,20,328043.7,0,0,0,0,47756366528.0,50189686466.0,7473302448.0,512.0,512.0,0.0,0.0,192727.0,629.1407796610171,1024.0,10349.81818181818,57.0,6459070134.0,30.0,1764670819.0,93720.0,6224061608.0,4742339.0,232356.0,92748.0,44821700215,607,157,2451570.3441558443
54,2,2,1,1,workloadc,10000020,24903.06482018742,9000775,14.168410720187984,999225,7653.7862923765915,20,440240.75,0,0,0,0,42100766220.0,42378833850.0,4844155306.0,437.0,437.0,0.0,0.0,148810.0,14.02631836248857,874.0,8927.0,91.0,6425764171.0,28.0,1617923665.0,117404.0,7789479248.0,5865219.0,163363.0,30828.0,0,0,0,2537475.3238132913
55,2,2,1,1,workloadc,10000020,25426.33609039571,8999912,14.09517993064821,1000088,7451.510482077577,20,404838.5,0,0,0,0,48520884696.0,49391536416.0,7435574114.0,501.0,502.0,0.0,0.0,191640.0,1769.0386497064578,1003.0,15742.0,58.0,6397648159.0,26.0,1520811961.0,87559.0,5815853456.0,4582109.0,225173.0,98158.0,47099079260,576,151,2447679.575949367
56,2,2,1,1,workloadc,10000020,26766.52364420866,8999738,14.156183991133965,1000262,7102.875824533972,20,299676.7,0,0,0,0,47449850085.0,49892540530.0,7151942055.0,509.0,509.0,0.0,0.0,189141.0,611.7390818858561,1018.0,9535.222222222223,58.0,6455633670.0,26.0,1509839125.0,98470.0,6537652488.0,4702808.0,227873.0,84792.0,42329871311,568,143,3447696.4155844157
57,2,2,1,1,workloadc,10000020,29275.204487303345,8998490,13.78268298347834,1001510,6449.155282523389,20,296117.4,0,0,0,0,42003478526.0,42381795506.0,4653043168.0,440.0,440.0,0.0,0.0,142900.0,8.781997824510512,880.0,7230.916666666667,92.0,6454771572.0,28.0,1623892679.0,124334.0,8248132128.0,5888495.0,156597.0,17981.0,0,0,0,3391310.081081081
58,2,2,1,1,workloadc,10000020,25909.622056343065,9000152,15.360274470920046,999848,7287.4905725670305,20,476668.7,0,0,0,0,47942976972.0,49410552912.0,7238512608.0,503.0,503.0,0.0,0.0,193484.0,503.8861635220127,1006.0,10460.392857142859,56.0,6459329612.0,29.0,1682500171.0,93032.0,6177946760.0,4743176.0,219431.0,94144.0,46850357788,630,161,3155142.6153846155
59,2,2,1,1,workloadc,10000020,22101.35238175224,8999557,16.13111267587949,1000443,8646.82724553023,20,327679.0,0,0,0,0,45928449742.0,50480811426.0,7740849952.0,492.0,492.0,0.0,0.0,192328.0,1195.7062173263625,984.0,12076.75,56.0,6430300547.0,28.0,1622585355.0,91537.0,6079800208.0,4303812.0,242907.0,94981.0,54934249020,657,168,3777318.7352941176
60,2,2,1,1,workloadc,10000020,23472.36012233794,9000716,14.719349327320183,999284,8165.174602015043,20,378388.6,0,0,0,0,41630170862.0,42390528676.0,4725839672.0,436.0,436.0,0.0,0.0,147215.0,8.48170731707317,872.0,8235.25,86.0,6436600891.0,27.0,1563526250.0,118416.0,7856820208.0,5285644.0,161512.0,28251.0,0,0,0,3951027.5121951224
61,2,2,1,1,workloadc,10000020,19965.619203731174,8999166,14.865687442591902,1000834,9581.123846711842,20,544074.1,0,0,0,0,45638083714.0,50674712332.0,8042817770.0,503.0,504.0,0.0,0.0,201818.0,1730.641577060932,1007.0,18201.5,51.0,6431713079.0,30.0,1771603701.0,78147.0,5192599392.0,4474811.0,243126.0,116964.0,70086185603,840,233,3111492.788888889
62,2,2,1,1,workloadc,10000020,25460.387456176308,9000335,17.3441318573142,999665,7413.489480976127,20,353443.5,0,0,0,0,48498630022.0,50659614926.0,7616238573.0,520.0,520.0,0.0,0.0,194015.0,945.8855613183874,1040.0,14733.0,55.0,6440969839.0,30.0,1764830665.0,91711.0,6091486104.0,4716788.0,236380.0,95842.0,50153239583,677,164,2872472.759493671
63,2,2,1,1,workloadc,10000020,27686.10600456267,8999895,14.789192318354825,1000105,6848.795004524525,20,348367.1,0,0,0,0,42020818438.0,42388558216.0,4562655490.0,444.0,444.0,0.0,0.0,142176.0,15.649363321061653,888.0,8645.931818181818,91.0,6432054293.0,30.0,1755328579.0,126190.0,8371030224.0,5847360.0,156697.0,15416.0,0,0,0,2894988.2039473685
64,2,2,1,1,load,10000020,16087.28316353206,10000000,1006.1742831,0,0,20,2774189.8,0,0,0,0,61629391952.0,66307917606.0,3734734585.0,737.0,737.0,0.0,0.0,614.0,36849.875,1474.0,14451.0,59.0,6678159618.0,69.0,4683210462.0,7.0,9249912.0,28515.0,129186.0,23.0,75406261368,1402,406,124164619.21039604
65,2,2,1,1,load,10000020,16786.43790109095,10000000,1086.9874558,0,0,20,7319424.65,0,0,0,0,61565628304.0,68440072636.0,4200354215.0,770.0,770.0,0.0,0.0,741.0,20539.666666666668,1540.0,14866.35,55.0,6882389748.0,58.0,3997377058.0,7.0,9032136.0,17507.0,162712.0,11.0,83895733758,1654,466,28682438.277227722
66,2,2,1,1,load,10000020,18044.125103528168,10000000,1040.8888472,0,0,20,6786926.55,0,0,0,0,55865888381.0,56673803662.0,280797738.0,634.0,634.0,0.0,0.0,510.0,2.125,1268.0,10826.952380952382,87.0,6866852682.0,57.0,3827497964.0,4.0,8728432.0,1268.0,14095.0,7.0,0,0,0,67081410.663157895
67,2,2,1,1,load,10000020,19919.60447633352,10000000,937.6208736,0,0,20,2530323.1,0,0,0,0,59257390436.0,62072163398.0,3225570013.0,692.0,691.0,0.0,0.0,691.0,38788.333333333336,1383.0,16288.566666666666,51.0,6472192097.0,64.0,4539108455.0,9.0,9386896.0,20174.0,116075.0,15.0,55474822228,1015,308,21386298.166666664
68,2,2,1,1,load,10000020,14110.920300111053,10000000,1268.182596,0,0,20,6105471.55,0,0,0,0,77268184136.0,86474747385.0,5634214226.0,961.0,960.0,0.0,0.0,856.0,19394.785714285714,1921.0,14522.742857142857,53.0,7239228860.0,54.0,3665092549.0,10.0,9518576.0,38629.0,192262.0,30.0,127235112722,2267,629,28581555.076576576
69,2,2,1,1,load,10000020,19432.26689052638,10000000,823.0019314,0,0,20,6134307.6,0,0,0,0,61108214822.0,61370469440.0,69375893.0,691.0,691.0,0.0,0.0,468.0,2.0,1382.0,7825.625,79.0,6916742113.0,54.0,3946424455.0,4.0,8728360.0,5049.0,15142.0,5.0,0,0,0,19548229.626373626
70,2,2,1,1,load,10000020,18815.73748283064,10000000,989.889385,0,0,20,5944692.4,0,0,0,0,60716082247.0,63345663720.0,3414235409.0,697.0,697.0,0.0,0.0,691.0,11410.0,1394.0,13400.017857142859,46.0,6609453945.0,58.0,4003320213.0,8.0,9255144.0,20977.0,120097.0,16.0,55339437239,1180,331,21985488.048387095
71,2,2,1,1,load,10000020,21862.84562426076,10000000,858.8889829,0,0,20,5028765.85,0,0,0,0,57079071140.0,59727222350.0,3186511607.0,660.0,660.0,0.0,0.0,572.0,30984.2,1320.0,14416.533333333333,53.0,6447233748.0,74.0,5098149162.0,4.0,8859464.0,7363.0,124593.0,10.0,46302027208,785,234,27441040.71491108
72,2,2,1,1,load,10000020,16727.610929151877,10000000,1060.5925203,0,0,20,5315591.9,0,0,0,0,68956233599.0,69289529914.0,71134302.0,794.0,794.0,0.0,0.0,564.0,1.625,1588.0,11971.75,104.0,7406591788.0,50.0,3589908510.0,3.0,8727704.0,2547.0,14097.0,2.0,0,0,0,22755378.252222225
73,2,2,1,1,load,10000020,15037.45830864684,10000000,1205.6999069,0,0,20,6095530.4,0,0,0,0,77767191821.0,86043139324.0,4642463054.0,949.0,949.0,0.0,0.0,890.0,8989.900000000001,1898.0,12157.52380952381,58.0,7069302986.0,62.0,4121544570.0,10.0,9577504.0,38820.0,162992.0,22.0,106172392917,1808,506,30050209.30744137
74,2,2,1,1,load,10000020,14956.760006820283,10000000,1172.1260697,0,0,20,6662486.55,0,0,0,0,62934988924.0,70583414222.0,4247492479.0,795.0,794.0,0.0,0.0,769.0,161421.33333333334,1589.0,14680.7,60.0,6528080981.0,65.0,4474698258.0,9.0,9447600.0,24986.0,157744.0,16.0,90650506616,1811,499,60856905.75700935
75,2,2,1,1,load,10000020,13509.643183304242,10000000,1356.9173272,0,0,20,5519766.85,0,0,0,0,75224564110.0,76916797252.0,207625802.0,887.0,888.0,0.0,0.0,651.0,2.25,1775.0,12824.75,123.0,7647747943.0,46.0,2991153436.0,3.0,8727680.0,3344.0,15294.0,4.0,0,0,0,34500952.631578945
76,2,2,1,1,load,10000020,22421.574936266672,10000000,825.044582,0,0,20,3825633.7,0,0,0,0,58627897104.0,61243277092.0,3084327115.0,680.0,680.0,0.0,0.0,707.0,40045.75,1360.0,15943.25,47.0,6562365206.0,53.0,3620506137.0,7.0,9254456.0,24026.0,112529.0,16.0,45115035833,651,204,31221518.894117646
77,2,2,1,1,load,10000020,14678.683615653348,10000000,1258.3851263,0,0,20,3006300.8,0,0,0,0,68511931332.0,75857423546.0,4380759720.0,867.0,867.0,0.0,0.0,837.0,32740.208333333332,1734.0,12815.900000000001,65.0,6761226891.0,62.0,4309747284.0,8.0,9386216.0,35205.0,156549.0,23.0,98126040050,1913,546,50378932.83796296
78,2,2,1,1,load,10000020,18558.350236897342,10000000,1033.1649291,0,0,20,2343975.75,0,0,0,0,57611966984.0,58384879486.0,138291454.0,663.0,663.0,0.0,0.0,538.0,1.625,1326.0,10302.833333333334,85.0,6743074882.0,53.0,3571604927.0,3.0,8727680.0,3341.0,14333.0,5.0,0,0,0,94105847.11702126
79,2,2,1,1,workloada,50000020,16626.054756913778,4996418,13.208383886216085,45003582,1305.6170377726821,20,63392.55,0,0,0,0,13706516444.0,32923611638.0,8746663885.0,320.0,320.0,0.0,0.0,268817.0,3.8533333333333326,640.0,283002.0,11.0,3444573581.0,37.0,2186321533.0,107216.0,7116374000.0,129755594.0,272662.0,160139.0,342818254055,4547,1465,225516.760015263
80,2,2,1,1,workloada,50000020,18199.176887627727,4998543,14.03429319303645,45001457,1187.854686771586,20,90226.15,0,0,0,0,16754083360.0,32952434338.0,7874475341.0,321.0,321.0,0.0,0.0,242559.0,106.0125,642.0,14161.4,14.0,3448796031.0,38.0,2250018994.0,80602.0,5352122560.0,130788860.0,245888.0,160804.0,262884832279,3585,1174,221093.82006369426
81,2,2,1,1,workloada,50000020,17503.4420518795,4997612,13.833762805115724,45002388,1236.8147845176572,20,78441.55,0,0,0,0,13996443304.0,22776338380.0,3532484478.0,232.0,232.0,0.0,0.0,109917.0,1.6666666666666665,464.0,92696.5,51.0,3444933698.0,38.0,2251254060.0,109613.0,7269673728.0,178067185.0,110070.0,2.0,0,0,0,262930.40153846156
82,2,2,1,1,workloada,50000020,17965.113187399125,4997350,13.819625201356718,45002650,1202.4306816598578,20,105227.7,0,0,0,0,15692787332.0,32211414112.0,8550480348.0,314.0,314.0,0.0,0.0,260663.0,255.62908496732027,628.0,11103.0,14.0,3454503135.0,32.0,1867120923.0,91087.0,6046991152.0,130326900.0,264840.0,166896.0,273744138251,3710,1213,215658.61320754717
83,2,2,1,1,workloada,50000020,17323.3366132184,4999603,13.37175711751513,45000397,1252.9034850292544,20,101968.0,0,0,0,0,13885759402.0,33103392582.0,8985252870.0,321.0,321.0,0.0,0.0,270343.0,56.041018387553045,642.0,32102.0,14.0,3448409407.0,32.0,1866268903.0,103654.0,6880127344.0,130265215.0,281955.0,163988.0,298904259692,4031,1312,231075.48323170733
84,2,2,1,1,workloada,50000020,18110.469517544338,4995434,13.83288699240146,45004566,1193.1257384861794,20,77863.05,0,0,0,0,14094149482.0,22777192152.0,3536535326.0,232.0,232.0,0.0,0.0,109965.0,2.0,464.0,103069.0,51.0,3448817147.0,38.0,2255349625.0,109664.0,7272988480.0,177717206.0,110144.0,2.0,0,0,0,323718.4683544304
85,2,2,1,1,workloada,50000020,18244.459704921406,5000967,14.110407847122367,44999033,1185.7193336799037,20,139155.25,0,0,0,0,16492763158.0,32940123668.0,8083800212.0,321.0,321.0,0.0,0.0,249783.0,5.129969988332428,642.0,21607.0,11.0,3445041546.0,37.0,2189267795.0,87945.0,5839718600.0,132180375.0,252993.0,160658.0,283127754337,3807,1236,277085.0541401274
86,2,2,1,1,workloada,50000020,17553.880759296622,5000262,13.701188457724815,44999738,1229.5910016631653,20,85726.35,0,0,0,0,15203218700.0,32948878880.0,8447553565.0,322.0,322.0,0.0,0.0,259498.0,3.975969943830675,644.0,138977.0,11.0,3445124020.0,38.0,2253164677.0,97926.0,6500854192.0,131842967.0,263625.0,160280.0,297058247557,3998,1300,236667.10769230768
87,2,2,1,1,workloada,50000020,17468.97597212231,4999278,13.450359831959736,45000722,1239.9091225247453,20,100326.4,0,0,0,0,13892712326.0,22800949192.0,4695271562.0,233.0,233.0,0.0,0.0,145956.0,4.614890885750962,466.0,88599.0,51.0,3454565841.0,32.0,1864716768.0,104537.0,6933693600.0,177325649.0,146109.0,41103.0,0,0,0,288910.83895705524
88,2,2,1,1,workloada,50000020,17897.93737010572,5003361,13.485569200383502,44996639,1210.6560982699175,20,124187.9,0,0,0,0,16755871886.0,32955038744.0,8224125455.0,321.0,321.0,0.0,0.0,254057.0,2.9024056861673047,642.0,24274.0,11.0,3446021770.0,39.0,2314773589.0,92058.0,6112144328.0,130559236.0,257115.0,160724.0,283626501102,3848,1256,254552.78056426332
89,2,2,1,1,workloada,50000020,17100.009405005174,5003072,14.62141540237678,44996928,1266.2198584090006,20,174894.7,0,0,0,0,15515704978.0,32987626226.0,9190103832.0,321.0,321.0,0.0,0.0,277289.0,4.842732839187883,642.0,52913.5,11.0,3452115041.0,32.0,1865033607.0,99270.0,6589991952.0,129803922.0,281236.0,175314.0,314169757718,4193,1358,258130.28313253014
90,2,2,1,1,workloada,50000020,16759.36270177016,4998202,14.252541613964382,45001798,1292.804587496704,20,127545.1,0,0,0,0,13813532104.0,22798589902.0,4701277938.0,233.0,233.0,0.0,0.0,146126.0,16.0,466.0,54229.0,51.0,3455097033.0,32.0,1865256910.0,104706.0,6945288648.0,177410071.0,146255.0,41105.0,0,0,0,206158.8076923077
91,2,2,1,1,workloada,50000020,17732.23823758575,4998213,13.825509237001304,45001787,1220.5319187658038,20,89327.25,0,0,0,0,15374601946.0,32392931880.0,8654136035.0,316.0,316.0,0.0,0.0,263285.0,246.63349358974352,632.0,15698.5,14.0,3448680077.0,32.0,1865233436.0,91560.0,6079035520.0,130597688.0,267752.0,168831.0,285393982452,3851,1255,236952.72981366463
92,2,2,1,1,workloada,50000020,17796.159232914353,4997404,14.012995347184258,45002596,1215.0680933384376,20,74324.25,0,0,0,0,15113844696.0,33477148012.0,8713562069.0,324.0,324.0,0.0,0.0,266438.0,3.540867147010494,648.0,280862.0,11.0,3448022949.0,38.0,2253579952.0,104428.0,6931691328.0,130373852.0,277809.0,160879.0,311938312691,4135,1333,181712.46505549067
93,2,2,1,1,workloada,50000020,17779.32655466876,5000652,14.19401370061344,44999348,1216.9927916955596,20,102490.4,0,0,0,0,13803595288.0,22809290062.0,4706104044.0,233.0,233.0,0.0,0.0,146289.0,4.64833860759494,466.0,53123.0,51.0,3456554142.0,32.0,1865475058.0,104865.0,6955423680.0,176956979.0,146434.0,41103.0,0,0,0,206713.16355140187
94,2,2,1,1,workloadc,10000020,26739.75533123872,8999008,14.377184462998589,1000992,7107.566777756466,20,317032.65,0,0,0,0,47964190814.0,49420325902.0,7260548922.0,501.0,501.0,0.0,0.0,194898.0,1004.9551224329742,1002.0,15470.666666666668,60.0,6454415139.0,30.0,1744466074.0,101536.0,6742248024.0,4737535.0,221240.0,86995.0,46468657840,615,167,2939831.3506493503
95,2,2,1,1,workloadc,10000020,25404.30958707835,9001567,13.501618773709067,998433,7612.323864495665,20,421027.85,0,0,0,0,48546669407.0,50405332244.0,8023017766.0,505.0,505.0,0.0,0.0,195072.0,580.1692451547091,1010.0,11882.2,63.0,6407280410.0,28.0,1643735959.0,104593.0,6943678560.0,4627464.0,241332.0,84263.0,46350883625,583,164,2970956.0316455695
96,2,2,1,1,workloadc,10000020,24128.88686206239,9000610,13.3794608365433,999390,8047.951607480563,20,331293.1,0,0,0,0,41894106642.0,42529050528.0,4816529899.0,451.0,451.0,0.0,0.0,143001.0,15.871459694989108,902.0,7778.569444444444,90.0,6318276915.0,29.0,1696185787.0,121856.0,8084249256.0,5896812.0,158758.0,20550.0,158959483,3,1,2724787.4629629627
97,2,2,1,1,workloadc,10000020,26991.646085536526,8998756,13.70079397641185,1001244,7127.575866621923,20,334553.25,0,0,0,0,47550227424.0,49188882958.0,7224724632.0,503.0,503.0,0.0,0.0,191490.0,1003.8593039246796,1006.0,12054.666666666668,56.0,6432900379.0,30.0,1754176439.0,91522.0,6077716120.0,4831307.0,217050.0,93866.0,44877217349,610,157,2341614.6233766237
98,2,2,1,1,workloadc,10000020,25037.117526733382,8999594,13.3665156450391,1000406,7722.794701351251,20,434622.9,0,0,0,0,49251019968.0,51124508172.0,8239625019.0,511.0,511.0,0.0,0.0,199283.0,1325.4159731710347,1022.0,10238.333333333332,54.0,6430545502.0,31.0,1824561419.0,79273.0,5266378208.0,4674487.0,249370.0,113452.0,54128793931,682,186,2687996.8125
99,2,2,1,1,workloadc,10000020,23998.137744511027,8998174,14.627347170659291,1001826,8049.892529241605,20,309742.1,0,0,0,0,41912691262.0,42476807244.0,4662262094.0,449.0,449.0,0.0,0.0,143203.0,10.490702947845808,898.0,8263.319444444445,90.0,6324548595.0,28.0,1636181393.0,122077.0,8098644104.0,5923680.0,158063.0,20550.0,0,0,0,2776203.923611111
100,2,2,1,1,workloadc,10000020,25534.69654566625,8999334,14.273281778407158,1000666,7545.3147573715905,20,347194.7,0,0,0,0,49060194256.0,49544371706.0,7552228976.0,503.0,503.0,0.0,0.0,194763.0,1332.7283132849343,1006.0,12909.8,61.0,6426075313.0,29.0,1687184498.0,100190.0,6652601168.0,4653890.0,227989.0,88363.0,47425328093,593,159,3418910.6962025315
101,2,2,1,1,workloadc,10000020,25347.064683174365,8998605,14.663047772404722,1001395,7594.905310092421,20,372434.9,0,0,0,0,49175973707.0,50584819484.0,7678544061.0,515.0,514.0,0.0,0.0,195467.0,521.6988888888889,1029.0,10769.785714285714,64.0,6395577297.0,28.0,1625965319.0,103346.0,6861344032.0,4757531.0,242071.0,86057.0,47428385299,599,168,2580981.5822784808
102,2,2,1,1,workloadc,10000020,27788.89333511182,9001843,14.989832415428706,998157,6944.403532710786,20,328347.4,0,0,0,0,42038215046.0,42453605698.0,4821907513.0,447.0,447.0,0.0,0.0,142605.0,10.442112258743393,894.0,8545.666666666668,92.0,6451895485.0,30.0,1765629293.0,126606.0,8398616112.0,5906215.0,157379.0,15412.0,0,0,0,2555036.703947368
103,2,2,1,1,workloadc,10000020,24541.684050359534,9000025,14.023043380435054,999975,7861.328725218131,20,321455.9,0,0,0,0,48114177384.0,49664832206.0,7368428888.0,503.0,503.0,0.0,0.0,197779.0,1310.8719951923076,1006.0,15885.5,61.0,6431482747.0,25.0,1446830784.0,106129.0,7045750920.0,4728374.0,224622.0,84905.0,50961547219,675,184,2529308.4814814813
104,2,2,1,1,workloadc,10000020,22946.726878878,9000690,13.292533683528708,999310,8462.315464670623,20,381223.8,0,0,0,0,47460050019.0,50648612244.0,7674566892.0,520.0,520.0,0.0,0.0,199312.0,435.9034750656167,1040.0,10942.433333333334,60.0,6465947946.0,29.0,1725628966.0,100313.0,6660590024.0,4692729.0,245816.0,92795.0,52103899278,672,184,3065242.012048193
105,2,2,1,1,workloadc,10000020,26215.274591893714,9000669,13.9615087500718,999331,7349.331271620715,20,483699.1,0,0,0,0,41876807078.0,42522506862.0,5221806709.0,444.0,444.0,0.0,0.0,148568.0,3.2465893587994548,888.0,7607.0,91.0,6451185774.0,29.0,1705647762.0,117140.0,7771909672.0,5776550.0,164491.0,30832.0,0,0,0,2405004.5
106,2,2,1,1,workloadc,10000020,24590.446119873508,9000464,13.342068920002346,999536,7877.248483296249,20,352133.45,0,0,0,0,48458719009.0,49793936918.0,7428296027.0,507.0,508.0,0.0,0.0,196480.0,848.0980143045362,1015.0,15077.5,60.0,6413041349.0,29.0,1697928715.0,103862.0,6895735048.0,4675012.0,222270.0,85773.0,48547537669,638,175,2885927.411419753
107,2,2,1,1,workloadc,10000020,26367.692194108404,8999372,13.695734102335141,1000628,7314.875813988815,20,359472.6,0,0,0,0,48180400016.0,50610206524.0,7782924074.0,517.0,517.0,0.0,0.0,195683.0,867.9515368191073,1034.0,15223.5,58.0,6425588244.0,30.0,1778127085.0,98801.0,6560836256.0,4768681.0,237640.0,90395.0,49369730389,662,171,2567829.782051282
108,2,2,1,1,workloadc,10000020,27627.05683438132,8999293,13.634123258349295,1000707,6984.236295938771,20,344259.05,0,0,0,0,41974442731.0,42449628370.0,4572774920.0,445.0,445.0,0.0,0.0,142487.0,0.375,890.0,8078.5,92.0,6472871496.0,29.0,1692574291.0,126497.0,8391462160.0,5824258.0,156644.0,15409.0,0,0,0,2592213.578947368
109,2,2,1,1,workloadc,50000020,16252.514670332368,45000582,11.843021763585192,4999418,11987.331417376983,20,179284.1,0,0,0,0,95704834833.0,289941017536.0,84727003280.0,2774.0,2768.0,0.0,0.0,1897876.0,7567.033333333333,5542.0,12632.75,110.0,33322842669.0,25.0,1414365706.0,101723.0,6800486512.0,53918557.0,2797591.0,1782524.0,5572351382975,63352,8232,2682414.931034483
110,2,2,1,1,workloadc,50000020,16271.158200566106,45002411,11.4607133604464,4997589,12060.841900564452,20,151190.95,0,0,0,0,96325265758.0,291596481647.0,85848638608.0,2787.0,2781.0,0.0,0.0,1896154.0,20874.083333333336,5568.0,17017.5,95.0,33233628392.0,27.0,1551817194.0,122194.0,8157411544.0,51388918.0,2821325.0,1760338.0,5702831617601,63572,8540,2695739.5922190202
111,2,2,1,1,workloadc,50000020,16215.213502473145,45006825,12.675900421769365,4993175,12083.277650392785,20,440363.3,0,0,0,0,88529172856.0,210196524682.0,60518569344.0,1910.0,1910.0,0.0,0.0,1882397.0,8.526315789473685,3820.0,11432.0,299.0,33106919555.0,40.0,2406471631.0,123643.0,8239692072.0,109592593.0,1895850.0,1756545.0,0,0,0,3198885.7550143264
112,2,2,1,1,workloadc,50000020,17025.57718409212,44998084,11.414177768102304,5001916,11495.179511811073,20,184211.0,0,0,0,0,98805685894.0,286689476318.0,82998990402.0,2742.0,2742.0,0.0,0.0,1871258.0,11807.5,5484.0,17015.5,103.0,33227048484.0,25.0,1420731289.0,125670.0,8386757144.0,50725202.0,2740786.0,1731941.0,5239001472845,62063,7745,2633423.2170658684
113,2,2,1,1,workloadc,50000020,16615.634514527716,45003133,11.651267412871011,4996867,11779.62463059353,20,146637.9,0,0,0,0,100631811959.0,288746580766.0,83124713178.0,2772.0,2772.0,0.0,0.0,1875205.0,501.6260947274352,5544.0,16535.666666666664,110.0,33273801952.0,26.0,1492023886.0,124647.0,8318973592.0,51360260.0,2764012.0,1736690.0,5382021813924,62958,8051,2921245.4472140763
114,2,2,1,1,workloadc,50000020,17297.692245686732,45002865,11.245754975822095,4997135,11355.239389370108,20,126931.75,0,0,0,0,96758161658.0,209821440212.0,60475952878.0,1907.0,1903.0,0.0,0.0,1877011.0,17.480778485156847,3810.0,11316.166666666668,291.0,32930173098.0,30.0,1741697584.0,123380.0,8222595928.0,109123938.0,1890256.0,1751394.0,0,0,0,3362206.1854103347
115,2,2,1,1,workloadc,50000020,16249.09208197992,44997461,11.885922341262766,5002539,12054.046685693005,20,123584.25,0,0,0,0,97086328735.0,291377394394.0,84737154686.0,2776.0,2776.0,0.0,0.0,1899086.0,37525.3125,5552.0,16230.166666666668,96.0,33247495585.0,28.0,1615313078.0,124329.0,8298927368.0,52333166.0,2812241.0,1760476.0,5796421126885,64372,8703,2947041.058908046
116,2,2,1,1,workloadc,50000020,16189.135730037744,44997691,11.432599041581934,5002309,12125.176927294975,20,168310.85,0,0,0,0,100260242511.0,292589561251.0,85458726808.0,2765.0,2763.0,0.0,0.0,1896341.0,73815.74285714286,5528.0,10332.399999999998,114.0,33337651211.0,28.0,1624151917.0,123021.0,8210901256.0,51584319.0,2828937.0,1759825.0,5830324902275,64730,9016,2577693.5444126073
117,2,2,1,1,workloadc,50000020,18156.18165332369,44998634,11.193150796533068,5001366,10779.639497089394,20,162141.15,0,0,0,0,100336266105.0,209872996294.0,59715716526.0,1902.0,1902.0,0.0,0.0,1857419.0,9.346153846153841,3804.0,12677.833333333332,288.0,32786855682.0,59.0,3626976543.0,121790.0,8117672704.0,108462085.0,1870330.0,1733425.0,0,0,0,2953658.990506329
119,2,2,1,1,workloadc,50000020,16601.687661160882,44997283,11.67232101547109,5002717,11789.577534767608,20,173358.15,0,0,0,0,97526772232.0,287796602634.0,83712810155.0,2751.0,2751.0,0.0,0.0,1870833.0,43079.5,5502.0,16236.0,95.0,33149016960.0,28.0,1612509932.0,124076.0,8281856160.0,49932616.0,2754941.0,1733000.0,5359653497863,63497,7995,2778444.874269006
120,2,2,1,1,workloadc,50000020,18129.670656402857,44997836,10.988084982575607,5002164,10819.23309431678,20,147875.05,0,0,0,0,100173039891.0,209170156279.0,60019230302.0,1876.0,1874.0,0.0,0.0,1862623.0,15.621436534480004,3750.0,12225.5,287.0,32581119218.0,53.0,3244490047.0,124430.0,8292127696.0,108617535.0,1876553.0,1736010.0,0,0,0,3051172.387658228
121,2,2,1,1,load,50000020,25832.58418839187,50000000,730.28668418,0,0,20,7455279.4,0,0,0,0,151942792739.0,326283834336.0,21515789339.0,3527.0,3527.0,0.0,0.0,2845.0,5685.833333333333,7054.0,14045.166666666668,173.0,36872387655.0,70.0,4955949539.0,6.0,8922416.0,84751.0,688782.0,81.0,1732801503589,18847,3801,37841893.29059829
122,2,2,1,1,load,50000020,18843.67662743413,50000000,1005.15712446,0,0,20,5038374.5,0,0,0,0,136241672632.0,384881120649.0,28111799641.0,4230.0,4229.0,0.0,0.0,3308.0,1474.7499999999998,8459.0,13085.190476190477,177.0,37229699029.0,91.0,6812316348.0,6.0,9064592.0,200998.0,908515.0,139.0,3195593657311,38009,6565,51976312.825163394
123,2,2,1,1,load,50000020,17769.242223557678,50000000,1070.81731806,0,0,20,3028072.95,0,0,0,0,135424257521.0,323262943380.0,142024091.0,3531.0,3531.0,0.0,0.0,1663.0,1.875,7062.0,7892.85,316.0,37478811595.0,78.0,5593567368.0,3.0,8727680.0,12417.0,13536.0,5.0,0,0,0,148139100.19602948
124,2,2,1,1,load,50000020,23335.589106947005,50000000,822.5256349,0,0,20,11104897.8,0,0,0,0,149099110815.0,347930017368.0,23522848169.0,3679.0,3678.0,0.0,0.0,2995.0,61566.43333333333,7357.0,11425.333333333334,186.0,37067615420.0,85.0,6209907694.0,4.0,8859376.0,136012.0,758399.0,114.0,2210225042983,22156,3600,39967781.37254902
125,2,2,1,1,load,31595026,8010.599495455294,31595026,2126.1083317038574,0,0,0,0,0,0,0,0,65268576644.0,331755458900.0,42183603234.0,3479.0,3479.0,0.0,0.0,3526.0,12487.0,6958.0,15611.0,32.0,23235638103.0,81.0,6009858164.0,13.0,9919752.0,429407.0,1368512.0,343.0,7945239797035,76463,13898,123313000.05977012
126,2,2,1,1,load,50000020,17623.971420967944,50000000,1078.42878836,0,0,20,4135615.75,0,0,0,0,136096993218.0,332887793020.0,7440532.0,3585.0,3585.0,0.0,0.0,1499.0,1.625,7170.0,14729.5,346.0,38058275811.0,77.0,5119060047.0,3.0,8727680.0,6065.0,6783.0,9.0,0,0,0,83741687.92438272
127,2,2,1,1,load,50000020,23057.636251031254,50000000,823.92602396,0,0,20,6255706.25,0,0,0,0,144850845952.0,350812313544.0,23489099738.0,3777.0,3777.0,0.0,0.0,3197.0,22450.000000000004,7554.0,13399.428571428572,170.0,37214224245.0,72.0,5027011314.0,11.0,9700872.0,188689.0,754746.0,127.0,2238456575407,24705,3807,102148992.4127907
128,2,2,1,1,load,50000020,15219.319525960811,50000000,1236.00499108,0,0,20,4622134.55,0,0,0,0,142206810141.0,440076969420.0,36517738618.0,4688.0,4688.0,0.0,0.0,3784.0,88918.66666666667,9376.0,15024.833333333332,178.0,37734770784.0,55.0,4017597754.0,9.0,9392856.0,291900.0,1182193.0,203.0,5335130839723,56624,10842,67066723.5392954
129,2,2,1,1,load,50000020,18011.261361053384,50000000,1074.5474936,0,0,20,1484888.05,0,0,0,0,124240550638.0,297596715228.0,209538293.0,3200.0,3200.0,0.0,0.0,1590.0,1.5,6400.0,16848.5,300.0,37043759556.0,80.0,5634124323.0,3.0,8727680.0,7411.0,13798.0,5.0,0,0,0,109422527.08627959
130,2,2,1,1,load,50000020,20463.53173545892,50000000,944.41321074,0,0,20,3636815.25,0,0,0,0,143274437244.0,364377267340.0,25124745618.0,3881.0,3880.0,0.0,0.0,3154.0,56404.03333333333,7761.0,13234.666666666668,171.0,36806390062.0,104.0,7231264590.0,6.0,9122752.0,163264.0,810956.0,121.0,2750874326734,29927,5245,111750358.15964913
131,2,2,1,1,load,50000020,22114.304416668878,50000000,868.82935232,0,0,20,3573590.65,0,0,0,0,145813568586.0,357494619250.0,24605189538.0,3831.0,3831.0,0.0,0.0,2941.0,139708.54545454544,7662.0,16650.5,173.0,37049419016.0,70.0,4996197163.0,5.0,8991072.0,160868.0,796870.0,126.0,2409717828812,28176,4812,47363235.12734082
132,2,2,1,1,load,50000020,25422.729140142284,50000000,754.65800628,0,0,20,1037386.8,0,0,0,0,144385001934.0,259262316937.0,73648906.0,2747.0,2746.0,0.0,0.0,1397.0,1.5,5493.0,15659.0,249.0,36251144265.0,93.0,6480910867.0,3.0,8727680.0,6932.0,14640.0,5.0,0,0,0,42580017.28351391
133,2,2,1,1,workloadb,50000020,8325.838690871768,24999169,12.152095935668902,25000831,4746.10173677827,20,131368.2,0,0,0,0,45857144928.0,201950313505.0,223953188645.0,1873.0,1871.0,0.0,0.0,6519678.0,39.76318290974585,3744.0,45332.5,34.0,18475639461.0,34.0,1926575212.0,123150.0,8196971712.0,113184592.0,7282535.0,6375714.0,13695190365947,111955,30926,657073.2683307332
134,2,2,1,1,workloadb,50000020,8547.737661725334,25003146,11.795211730555828,24996854,4623.044853524368,20,133308.1,0,0,0,0,46470647617.0,199152043286.0,218925606188.0,1857.0,1853.0,0.0,0.0,6437922.0,14581.932673267327,3710.0,15844.0,39.0,18536662947.0,32.0,1802191096.0,125181.0,8331190616.0,114141120.0,7155783.0,6294456.0,12833476978733,107431,29480,628366.9488
135,2,2,1,1,workloadb,50000020,8386.620522362336,25004140,11.749412297323563,24995860,4704.244215842144,20,128132.5,0,0,0,0,45028242726.0,116930874539.0,220467586555.0,1133.0,1131.0,0.0,0.0,6846041.0,12.414897284367518,2264.0,90452.0,244.0,18280321622.0,30.0,1668637134.0,123836.0,8225697040.0,406397324.0,6857739.0,6718107.0,293898069,6,2,754049.625588697
136,2,2,1,1,workloadb,50000020,8449.79117186098,25002287,12.333046052947076,24997713,4666.247211214882,20,90908.25,0,0,0,0,46769170284.0,197962920277.0,218513695966.0,1852.0,1842.0,0.0,0.0,6439139.0,6299.764227642277,3694.0,16175.0,39.0,18528734919.0,40.0,2319460659.0,124336.0,8275341008.0,113828617.0,7139054.0,6296088.0,12939667038785,108649,29830,699646.4050632911
137,2,2,1,1,workloadb,50000020,8513.072674398807,25000586,12.346106087273315,24999414,4642.705503096992,20,94251.25,0,0,0,0,46427876098.0,198263562426.0,219538088351.0,1848.0,1846.0,0.0,0.0,6444735.0,13.740198224734305,3694.0,15284.714285714286,36.0,18529849623.0,41.0,2380266532.0,124375.0,8278220720.0,113754402.0,7159332.0,6302669.0,12658779003686,106710,28962,632477.0247208931
138,2,2,1,1,workloadb,50000020,8215.111039548367,25003651,12.042975203901221,24996349,4811.884785974144,20,169372.25,0,0,0,0,44973574254.0,116972093720.0,218257382258.0,1130.0,1130.0,0.0,0.0,6777751.0,14.126473526473527,2260.0,61662.0,244.0,18295053754.0,36.0,2062315415.0,124738.0,8285538592.0,405907729.0,6789652.0,6648828.0,296116352,6,2,651223.9845916794
139,2,2,1,1,workloadb,50000020,8251.843626903123,25002082,12.243822774439344,24997918,4768.292244058085,20,199246.5,0,0,0,0,46832528069.0,199295098344.0,218912553186.0,1868.0,1842.0,0.0,0.0,6440893.0,16881.166666666664,3710.0,14984.75,40.0,18533061074.0,34.0,1929688408.0,122293.0,8139922280.0,112753691.0,7156406.0,6299625.0,13623362644051,113474,31294,740839.2732198143
140,2,2,1,1,workloadb,50000020,8424.788626265761,24998301,12.065371602654116,25001699,4676.4488497761695,20,133696.0,0,0,0,0,48559741780.0,204130759884.0,224089685605.0,1894.0,1892.0,0.0,0.0,6513404.0,8481.956730769232,3786.0,12823.0,37.0,18538930544.0,33.0,1868295306.0,117270.0,7806044520.0,112316694.0,7303118.0,6375398.0,13444692352576,110243,30485,740364.5149842271
141,2,2,1,1,workloadb,50000020,8191.874676113755,24997798,12.452916732905834,25002202,4821.662378457705,20,218479.4,0,0,0,0,45342411612.0,116918928028.0,220670462569.0,1136.0,1134.0,0.0,0.0,6853173.0,14.308738554538184,2270.0,71782.0,244.0,18282952304.0,32.0,1804514440.0,123214.0,8184725672.0,405974977.0,6864854.0,6725831.0,146057931,3,1,677565.4031419118
142,2,2,1,1,workloadb,50000020,8546.576104867172,24995097,11.603827902728282,25004903,4619.42412426075,20,139936.35,0,0,0,0,46250074808.0,197442743647.0,218752425738.0,1849.0,1847.0,0.0,0.0,6439600.0,14.022448005455168,3696.0,67769.0,36.0,18542112789.0,32.0,1801341518.0,123703.0,8233675560.0,114097896.0,7138725.0,6297837.0,12659916806619,106550,28917,687622.7087999999
143,2,2,1,1,workloadb,50000020,5039.924772066882,25002288,285.00296488865337,24997712,7564.127540352493,20,165975.4,0,0,0,0,22262645713.0,185677978716.0,227293861310.0,1668.0,1796.0,0.0,0.0,6583157.0,9424.496622657265,3464.0,24659.0,29.0,18320563301.0,31.0,1797856090.0,122264.0,8137943672.0,112262470.0,7421914.0,6443540.0,28334708217027,224966,61881,40066032.29929219
145,2,2,1,1,load,100000020,22220.928470386836,100000000,871.0755363,0,0,20,6428741.95,0,0,0,0,187446364049.0,591458423247.0,53135921161.0,6413.0,6364.0,0.0,0.0,4723.0,111214.83333333333,12777.0,12918.75,241.0,73788627864.0,102.0,6884504539.0,5.0,8740168.0,73310.0,1525539.0,66.0,8949418687498,89927,17951,142392865.7974324
146,2,2,1,1,load,88269867,13943.694515191577,88269867,1301.9566053951344,0,0,0,0,0,0,0,0,154797028626.0,694216570476.0,83209904458.0,7209.0,7207.0,0.0,0.0,5913.0,203956.3,14416.0,16489.2,130.0,65583026309.0,83.0,5916259704.0,11.0,9527064.0,445188.0,2650948.0,345.0,23329888309385,209431,45133,140912525.54977712
147,2,2,1,1,load,100000020,12810.848841719913,100000000,1472.55859264,0,0,20,10236396.95,0,0,0,0,200230126928.0,734261381020.0,4379732504.0,8136.0,8132.0,0.0,0.0,4195.0,5111414.5,16268.0,14284.0,755.0,77474761777.0,85.0,5640224853.0,3.0,8733856.0,23400.0,20697.0,14.0,58747897965,90,9,85020994.35362588
148,2,2,1,1,workloada,100000020,10387.969899818418,9995487,14.775163731391977,90004513,2092.983644053493,20,302268.55,0,0,0,0,19062378820.0,74088422063.0,317824385202.0,735.0,711.0,0.0,0.0,9733035.0,1.5176470588235293,1446.0,8028.75,19.0,7220265404.0,31.0,1744536056.0,61522.0,4095193792.0,309645595.0,9915133.0,9663257.0,3959517969414,43604,12907,243575.62359035315
149,2,2,1,1,workloada,100000020,10666.949980858159,9997292,14.543184394333986,90002708,2044.0897020898526,20,917961.2,0,0,0,0,18176086906.0,77257498667.0,338789319576.0,811.0,799.0,0.0,0.0,10325619.0,1.432652147971361,1610.0,67136.0,16.0,7081569705.0,44.0,2460954588.0,62925.0,4188349528.0,302126050.0,10534069.0,10255531.0,4136342868784,45137,13657,281456.53870109736
150,2,2,1,1,workloada,100000020,11850.239517041118,10002667,13.572211591168635,89997333,1837.2000513170763,20,228198.1,0,0,0,0,19098316756.0,45686041738.0,159868606504.0,461.0,459.0,0.0,0.0,4965182.0,11.288047138047146,920.0,153467.0,102.0,6944768730.0,41.0,2466315814.0,123929.0,8221725144.0,651934176.0,4964253.0,4838525.0,0,0,0,214101.31200453002
151,2,2,1,1,workloadb,100000020,6422.090346737648,50001266,11.794647859516196,49998734,6149.297880242328,20,230153.95,0,0,0,0,81492586776.0,440227334856.0,606539213136.0,4012.0,4010.0,0.0,0.0,17037529.0,15.65482275724396,8022.0,62727.5,35.0,37107344530.0,28.0,1610929654.0,121378.0,8112392664.0,251362866.0,19420263.0,16889289.0,84610587101782,595101,162186,516483.57670632435
152,2,2,1,1,workloadb,100000020,6469.201619008274,50000625,11.601934655816802,49999375,6100.9940460455755,20,195807.1,0,0,0,0,85793188098.0,446060500855.0,612044855171.0,4059.0,4045.0,0.0,0.0,17128506.0,1038.6351351351352,8104.0,16195.0,42.0,37136722514.0,19.0,1028976119.0,124947.0,8348341992.0,246517080.0,19602379.0,16974802.0,86237617029499,592440,161378,604946.342370744
153,2,2,1,1,workloadb,100000020,5893.94355452773,49999942,12.74515296437744,50000058,6703.378791160602,20,276495.95,0,0,0,0,80401232954.0,235556622830.0,694360303381.0,2230.0,2223.0,0.0,0.0,21540731.0,12.407651172357056,4453.0,29524.0,463.0,36934721412.0,38.0,2184883462.0,62271.0,4161208544.0,1471603052.0,21546777.0,21467152.0,0,0,0,820873.157891705
154,2,2,1,1,workloadc,100000020,13866.229159404229,89998338,10.906085476822916,10001662,14181.155226401372,20,274459.0,0,0,0,0,166125827308.0,615827303834.0,219985158631.0,5772.0,5764.0,0.0,0.0,4608098.0,2130.159090909091,11536.0,16333.666666666668,144.0,66842849729.0,21.0,1164548435.0,123393.0,8293419656.0,122298899.0,7171736.0,4464315.0,33923812568403,347040,39608,2152360.9809711287
155,2,2,1,1,workloadc,100000020,13234.809879309121,89999837,11.453014931571488,10000163,14872.018039105962,20,159984.45,0,0,0,0,173886743260.0,637517679386.0,230668606570.0,5944.0,5944.0,0.0,0.0,4669789.0,19294.25,11888.0,13805.75,127.0,66781339767.0,41.0,2453506784.0,121639.0,8177672280.0,134082117.0,7543982.0,4527721.0,39977981391961,365900,44767,2666790.7085427134
156,2,2,1,1,workloadc,100000020,13841.84966976115,89999879,11.36509381307057,10000121,14224.769476989328,20,218558.95,0,0,0,0,162767571720.0,419875891208.0,168854600279.0,3667.0,3657.0,0.0,0.0,5248605.0,13.128225806451626,7324.0,7670.0,509.0,66414769611.0,54.0,3298165257.0,121117.0,8114988040.0,352554335.0,5259593.0,5123123.0,0,0,0,2657402.707732634
157,2,2,1,1,load,100000020,11929.652272109643,100000000,1627.06577275,0,0,20,4514082.6,0,0,0,0,213819110158.0,974920655318.0,100958643004.0,10301.0,10300.0,0.0,0.0,8674.0,44143.66666666667,20601.0,16958.166666666664,252.0,75451790815.0,62.0,4186655008.0,9.0,9261896.0,777835.0,3204610.0,515.0,41332613821203,368886,77010,283438129.1913668
158,2,2,1,1,load,100000020,16553.53703564225,100000000,1163.58562035,0,0,20,6702188.65,0,0,0,0,210243804493.0,811432351256.0,70328681474.0,8686.0,8680.0,0.0,0.0,6673.0,43014.0,17366.0,15099.25,269.0,74848318734.0,73.0,4962398517.0,6.0,8866768.0,524029.0,2235582.0,377.0,19858434309063,208543,43894,213534801.93405458
159,2,2,1,1,load,100000020,15094.357849790611,100000000,1274.95152865,0,0,20,7264478.85,0,0,0,0,200997658226.0,565610377139.0,4068906855.0,6339.0,6337.0,0.0,0.0,3572.0,779655.7,12676.0,11736.0,561.0,75232157251.0,90.0,5856407887.0,3.0,8733752.0,17942.0,12989.0,8.0,0,0,0,305166734.99967533
160,2,2,1,1,workloada,100000020,20145.17418323406,10000722,13.946125389746861,89999278,1096.6369738766127,20,208303.35,0,0,0,0,22330604466.0,70412559444.0,10755132040.0,666.0,666.0,0.0,0.0,2467.0,7897.684210526316,1332.0,16161.0,21.0,6951343924.0,38.0,2185496584.0,127.0,23264936.0,191633825.0,392109.0,309.0,1921570473253,21939,6540,314181.40409683425
161,2,2,1,1,workloada,100000020,20014.65072433021,10003385,13.78682675914203,89996615,1103.4949714719826,20,212763.45,0,0,0,0,21574418432.0,72997978626.0,11727022729.0,687.0,687.0,0.0,0.0,1453.0,40038.928571428565,1374.0,29194.5,16.0,6941008738.0,38.0,2187069911.0,103.0,20593640.0,183316404.0,433787.0,357.0,2052063747172,22754,6768,277150.25231910945
162,2,2,1,1,workloada,100000020,20771.38268447688,10000358,13.55577270333722,89999642,1063.7719338039144,20,188593.0,0,0,0,0,19878240292.0,45686763138.0,18707641.0,459.0,459.0,0.0,0.0,673.0,1.6,918.0,56878.0,102.0,6948812132.0,38.0,2184943216.0,208.0,31414032.0,518185892.0,795.0,3.0,0,0,0,299082.09788867563
121,2,2,1,1,load,50000020,25832.58418839187,50000000,730.28668418,0,0,20,7455279.4,0,0,0,0,151942792739.0,326283834336.0,21515789339.0,3527.0,3527.0,0.0,0.0,2845.0,8431.905448154657,7054.0,4004.9880918627728,173.0,36872387655.0,70.0,4955949539.0,6.0,8922416.0,84751.0,688782.0,81.0,1732801503589,18847,3801,37841893.29059829
122,2,2,1,1,load,50000020,18843.67662743413,50000000,1005.15712446,0,0,20,5038374.5,0,0,0,0,136241672632.0,384881120649.0,28111799641.0,4230.0,4229.0,0.0,0.0,3308.0,11382.434099153566,8459.0,4305.516373093747,177.0,37229699029.0,91.0,6812316348.0,6.0,9064592.0,200998.0,908515.0,139.0,3195593657311,38009,6565,51976312.825163394
123,2,2,1,1,load,50000020,17769.242223557678,50000000,1070.81731806,0,0,20,3028072.95,0,0,0,0,135424257521.0,323262943380.0,142024091.0,3531.0,3531.0,0.0,0.0,1663.0,255.9200240529164,7062.0,3724.654347210422,316.0,37478811595.0,78.0,5593567368.0,3.0,8727680.0,12417.0,13536.0,5.0,0,0,0,148139100.19602948
124,2,2,1,1,load,50000020,23335.589106947005,50000000,822.5256349,0,0,20,11104897.8,0,0,0,0,149099110815.0,347930017368.0,23522848169.0,3679.0,3678.0,0.0,0.0,2995.0,9845.962938230385,7357.0,4155.788908522495,186.0,37067615420.0,85.0,6209907694.0,4.0,8859376.0,136012.0,758399.0,114.0,2210225042983,22156,3600,39967781.37254902
125,2,2,1,1,load,31595026,8010.599495455294,31595026,2126.1083317038574,0,0,0,0,0,0,0,0,65268576644.0,331755458900.0,42183603234.0,3479.0,3479.0,0.0,0.0,3526.0,13713.305728871243,6958.0,6295.574302960621,32.0,23235638103.0,81.0,6009858164.0,13.0,9919752.0,429407.0,1368512.0,343.0,7945239797035,76463,13898,123313000.05977012
126,2,2,1,1,load,50000020,17623.971420967944,50000000,1078.42878836,0,0,20,4135615.75,0,0,0,0,136096993218.0,332887793020.0,7440532.0,3585.0,3585.0,0.0,0.0,1499.0,224.657104736491,7170.0,3612.9382147838214,346.0,38058275811.0,77.0,5119060047.0,3.0,8727680.0,6065.0,6783.0,9.0,0,0,0,83741687.92438272
127,2,2,1,1,load,50000020,23057.636251031254,50000000,823.92602396,0,0,20,6255706.25,0,0,0,0,144850845952.0,350812313544.0,23489099738.0,3777.0,3777.0,0.0,0.0,3197.0,10148.366593681576,7554.0,4143.921895684405,170.0,37214224245.0,72.0,5027011314.0,11.0,9700872.0,188689.0,754746.0,127.0,2238456575407,24705,3807,102148992.4127907
128,2,2,1,1,load,50000020,15219.319525960811,50000000,1236.00499108,0,0,20,4622134.55,0,0,0,0,142206810141.0,440076969420.0,36517738618.0,4688.0,4688.0,0.0,0.0,3784.0,11598.311310782241,9376.0,5302.360921501707,178.0,37734770784.0,55.0,4017597754.0,9.0,9392856.0,291900.0,1182193.0,203.0,5335130839723,56624,10842,67066723.5392954
129,2,2,1,1,load,50000020,18011.261361053384,50000000,1074.5474936,0,0,20,1484888.05,0,0,0,0,124240550638.0,297596715228.0,209538293.0,3200.0,3200.0,0.0,0.0,1590.0,276.9389937106918,6400.0,3983.33859375,300.0,37043759556.0,80.0,5634124323.0,3.0,8727680.0,7411.0,13798.0,5.0,0,0,0,109422527.08627959
130,2,2,1,1,load,50000020,20463.53173545892,50000000,944.41321074,0,0,20,3636815.25,0,0,0,0,143274437244.0,364377267340.0,25124745618.0,3881.0,3880.0,0.0,0.0,3154.0,10584.691502853519,7761.0,4400.259244942662,171.0,36806390062.0,104.0,7231264590.0,6.0,9122752.0,163264.0,810956.0,121.0,2750874326734,29927,5245,111750358.15964913
131,2,2,1,1,load,50000020,22114.304416668878,50000000,868.82935232,0,0,20,3573590.65,0,0,0,0,145813568586.0,357494619250.0,24605189538.0,3831.0,3831.0,0.0,0.0,2941.0,11418.727303638218,7662.0,4164.9325241451315,173.0,37049419016.0,70.0,4996197163.0,5.0,8991072.0,160868.0,796870.0,126.0,2409717828812,28176,4812,47363235.12734082
132,2,2,1,1,load,50000020,25422.729140142284,50000000,754.65800628,0,0,20,1037386.8,0,0,0,0,144385001934.0,259262316937.0,73648906.0,2747.0,2746.0,0.0,0.0,1397.0,322.5025053686471,5493.0,3770.5783724740577,249.0,36251144265.0,93.0,6480910867.0,3.0,8727680.0,6932.0,14640.0,5.0,0,0,0,42580017.28351391
